candidate_id,mean_plddt,ptm,site_plddt,rmsd_to_WT_all,rmsd_to_WT_site,SerOG_HisNE2,HisND1_AspOD,flags
candidate_001,96.7,0.94,98.3,0.35,0.15,2.76,2.48,
candidate_002,97.0,0.94,98.2,0.73,0.16,2.79,2.54,
candidate_003,97.0,0.94,98.2,0.45,0.15,2.77,2.52,
candidate_004,97.2,0.94,98.3,0.46,0.14,2.79,2.5,
candidate_005,96.8,0.94,98.3,0.38,0.15,2.73,2.51,
candidate_006,96.7,0.94,98.2,0.21,0.15,2.75,2.51,
candidate_007,97.2,0.94,98.3,0.72,0.14,2.78,2.5,
candidate_008,96.8,0.94,98.3,0.33,0.14,2.74,2.51,
candidate_009,97.2,0.94,98.3,0.54,0.12,2.81,2.48,
candidate_010,96.8,0.94,98.3,0.28,0.17,2.75,2.47,
candidate_011,96.8,0.94,98.3,0.31,0.15,2.75,2.5,
candidate_012,96.7,0.94,98.2,0.2,0.17,2.73,2.48,
candidate_013,96.9,0.94,98.3,0.43,0.15,2.74,2.48,
candidate_014,96.8,0.94,98.2,0.34,0.17,2.71,2.5,
candidate_015,97.0,0.94,98.3,0.51,0.14,2.78,2.49,
candidate_016,96.7,0.94,98.3,0.25,0.18,2.75,2.48,
candidate_017,97.1,0.94,98.2,0.69,0.12,2.78,2.51,
candidate_018,97.1,0.94,98.3,0.65,0.13,2.78,2.51,
candidate_019,96.7,0.93,98.3,0.17,0.12,2.74,2.51,
candidate_020,96.8,0.94,98.3,0.32,0.15,2.72,2.51,
candidate_021,96.9,0.94,98.4,0.34,0.14,2.74,2.52,
candidate_022,97.2,0.94,98.3,0.51,0.13,2.77,2.5,
candidate_023,97.0,0.94,98.2,0.63,0.1,2.73,2.49,
candidate_024,97.1,0.94,98.2,0.49,0.11,2.79,2.48,
candidate_025,97.2,0.94,98.2,0.46,0.12,2.81,2.47,
candidate_026,96.8,0.94,98.3,0.24,0.17,2.74,2.49,
candidate_027,96.8,0.93,98.3,0.31,0.13,2.74,2.51,
candidate_028,96.8,0.94,98.4,0.14,0.13,2.71,2.55,
candidate_029,96.8,0.94,98.3,0.18,0.11,2.72,2.46,
candidate_030,97.2,0.94,98.3,0.47,0.12,2.75,2.51,
candidate_031,96.9,0.94,98.3,0.32,0.13,2.69,2.48,
candidate_032,96.8,0.94,98.3,0.33,0.13,2.73,2.49,
candidate_033,96.9,0.94,98.3,0.32,0.16,2.76,2.5,
candidate_034,97.0,0.94,98.2,0.48,0.1,2.78,2.51,
candidate_035,97.1,0.94,98.3,0.72,0.11,2.75,2.52,
candidate_036,96.7,0.94,98.3,0.32,0.14,2.74,2.51,
candidate_037,97.1,0.94,98.3,0.73,0.14,2.76,2.48,
candidate_038,96.8,0.94,98.3,0.33,0.13,2.75,2.5,
candidate_039,96.7,0.94,98.3,0.15,0.14,2.73,2.51,
candidate_040,96.7,0.94,98.3,0.13,0.12,2.73,2.51,
candidate_041,96.8,0.94,98.4,0.19,0.14,2.73,2.51,
candidate_042,96.8,0.94,98.3,0.15,0.14,2.7,2.56,
candidate_043,96.7,0.94,98.3,0.33,0.14,2.76,2.51,
candidate_044,96.8,0.94,98.3,0.32,0.13,2.72,2.5,
candidate_045,96.7,0.94,98.2,0.19,0.1,2.7,2.47,
candidate_046,96.7,0.94,98.3,0.13,0.12,2.72,2.49,
candidate_047,96.8,0.93,98.3,0.13,0.09,2.75,2.47,
candidate_048,96.8,0.94,98.4,0.32,0.15,2.75,2.52,
candidate_049,96.7,0.94,98.3,0.21,0.13,2.74,2.52,
candidate_050,96.9,0.94,98.3,0.32,0.14,2.75,2.5,
candidate_051,96.6,0.94,98.2,0.39,0.16,2.7,2.53,
candidate_052,96.5,0.93,98.3,0.32,0.15,2.69,2.5,
candidate_053,96.3,0.93,98.2,0.26,0.14,2.67,2.5,
candidate_054,96.4,0.93,98.3,0.31,0.12,2.72,2.49,
candidate_055,96.4,0.93,98.2,0.33,0.15,2.7,2.54,
candidate_056,96.4,0.93,98.3,0.25,0.12,2.72,2.49,
candidate_057,97.0,0.94,98.4,0.37,0.11,2.7,2.49,
candidate_058,96.9,0.94,98.3,0.38,0.12,2.68,2.49,
candidate_059,96.9,0.94,98.3,0.36,0.15,2.66,2.53,
candidate_060,96.9,0.94,98.3,0.37,0.12,2.68,2.49,
candidate_061,96.9,0.94,98.4,0.19,0.1,2.72,2.51,
candidate_062,96.9,0.94,98.3,0.38,0.11,2.67,2.53,
candidate_063,96.5,0.94,98.2,0.5,0.16,2.7,2.55,
candidate_064,96.8,0.94,98.2,0.4,0.11,2.64,2.53,
candidate_065,96.9,0.94,98.3,0.38,0.11,2.74,2.46,
candidate_066,96.8,0.94,98.4,0.35,0.14,2.7,2.47,
candidate_067,96.2,0.93,98.2,0.32,0.16,2.71,2.55,
candidate_068,96.3,0.93,98.2,0.34,0.15,2.7,2.54,
candidate_069,96.4,0.93,98.3,0.33,0.13,2.75,2.5,
candidate_070,96.8,0.94,98.3,0.23,0.13,2.73,2.5,
candidate_071,96.8,0.94,98.3,0.36,0.13,2.71,2.51,
candidate_072,96.8,0.94,98.4,0.2,0.12,2.73,2.5,
candidate_073,97.1,0.94,98.3,0.45,0.07,2.75,2.5,
candidate_074,96.8,0.94,98.3,0.22,0.11,2.73,2.46,
candidate_075,96.8,0.93,98.3,0.29,0.1,2.76,2.46,
control_FASTPETase,96.9,0.94,98.3,0.18,0.07,2.69,2.47,
control_WT,96.8,0.94,98.4,0.0,0.0,2.73,2.5,
