candidate_id,best_affinity,mean_best_affinity,plausible_poses,seeds_with_plausible,best_affinity_plausible,min_SerOG_esterC
candidate_001,-4.91,-4.9,5/27,3/3,-4.89,3.48
candidate_002,-4.95,-4.94,7/27,3/3,-4.95,3.32
candidate_003,-4.88,-4.85,7/27,3/3,-4.88,3.41
candidate_004,-4.81,-4.8,7/26,3/3,-4.81,3.46
candidate_005,-5.0,-4.97,6/27,3/3,-5.0,3.36
candidate_006,-4.95,-4.93,5/27,3/3,-4.95,3.55
candidate_007,-4.89,-4.89,7/26,3/3,-4.89,3.43
candidate_008,-4.89,-4.86,4/27,3/3,-4.59,3.34
candidate_009,-5.2,-5.19,3/27,3/3,-4.9,3.45
candidate_010,-4.89,-4.85,7/27,3/3,-4.89,3.47
candidate_011,-4.92,-4.91,7/27,3/3,-4.84,3.52
candidate_012,-4.91,-4.85,3/27,3/3,-4.85,3.52
candidate_013,-4.86,-4.84,6/27,3/3,-4.86,3.4
candidate_014,-4.95,-4.93,6/27,3/3,-4.86,3.41
candidate_015,-4.89,-4.86,8/27,3/3,-4.89,3.43
candidate_016,-4.98,-4.96,3/27,3/3,-4.98,3.42
candidate_017,-4.73,-4.69,4/27,3/3,-4.73,3.47
candidate_018,-4.87,-4.85,6/27,3/3,-4.87,3.36
candidate_019,-4.93,-4.89,7/27,3/3,-4.9,3.49
candidate_020,-4.95,-4.93,5/27,3/3,-4.83,3.41
candidate_021,-4.88,-4.87,4/27,3/3,-4.88,3.41
candidate_022,-4.88,-4.88,7/27,3/3,-4.88,3.52
candidate_023,-4.86,-4.85,7/27,3/3,-4.86,3.38
candidate_024,-4.8,-4.77,4/27,3/3,-4.8,3.5
candidate_025,-4.93,-4.91,9/27,3/3,-4.93,3.46
candidate_026,-4.96,-4.95,3/27,3/3,-4.92,3.55
candidate_027,-4.96,-4.94,3/27,3/3,-4.91,3.53
candidate_028,-5.03,-4.97,4/27,3/3,-5.03,3.46
candidate_029,-4.95,-4.94,3/27,3/3,-4.91,3.45
candidate_030,-4.85,-4.85,10/27,3/3,-4.85,3.37
candidate_031,-4.91,-4.9,6/27,3/3,-4.85,3.46
candidate_032,-4.92,-4.88,3/27,3/3,-4.85,3.46
candidate_033,-4.97,-4.93,5/27,3/3,-4.86,3.4
candidate_034,-4.96,-4.94,5/27,3/3,-4.96,3.46
candidate_035,-4.92,-4.91,6/27,3/3,-4.92,3.35
candidate_036,-5.04,-5.01,4/27,3/3,-4.99,3.36
candidate_037,-4.93,-4.9,7/27,3/3,-4.93,3.58
candidate_038,-4.98,-4.95,3/27,3/3,-4.88,3.44
candidate_039,-5.02,-4.95,3/27,3/3,-4.92,3.5
candidate_040,-4.96,-4.95,5/27,3/3,-4.91,3.48
candidate_041,-4.99,-4.98,4/27,3/3,-4.83,3.34
candidate_042,-4.96,-4.93,5/27,3/3,-4.96,3.51
candidate_043,-4.87,-4.86,4/27,3/3,-4.74,3.46
candidate_044,-4.96,-4.91,4/27,3/3,-4.89,3.35
candidate_045,-4.99,-4.98,4/27,3/3,-4.96,3.52
candidate_046,-4.96,-4.92,3/27,3/3,-4.87,3.49
candidate_047,-4.99,-4.99,4/27,3/3,-4.93,3.54
candidate_048,-4.96,-4.94,5/27,3/3,-4.79,3.36
candidate_049,-4.97,-4.91,5/27,3/3,-4.95,3.47
candidate_050,-4.89,-4.87,6/27,3/3,-4.89,3.48
candidate_051,-5.01,-4.99,3/27,3/3,-4.89,3.4
candidate_052,-5.06,-5.01,4/27,3/3,-4.87,3.42
candidate_053,-4.94,-4.92,6/26,3/3,-4.94,3.4
candidate_054,-4.97,-4.94,3/27,3/3,-4.79,3.47
candidate_055,-4.9,-4.9,4/27,3/3,-4.9,3.42
candidate_056,-4.96,-4.95,3/27,3/3,-4.92,3.51
candidate_057,-4.94,-4.92,4/27,3/3,-4.94,3.41
candidate_058,-5.02,-4.99,5/27,3/3,-5.02,3.44
candidate_059,-5.02,-4.99,5/27,3/3,-4.93,3.49
candidate_060,-5.04,-5.02,4/27,3/3,-4.83,3.49
candidate_061,-5.01,-4.97,3/27,3/3,-4.88,3.58
candidate_062,-5.13,-5.13,6/27,3/3,-5.13,3.44
candidate_063,-4.99,-4.98,4/27,3/3,-4.87,3.44
candidate_064,-4.92,-4.92,5/26,3/3,-4.92,3.43
candidate_065,-5.0,-4.99,3/27,3/3,-4.78,3.46
candidate_066,-4.99,-4.96,4/27,3/3,-4.95,3.43
candidate_067,-4.9,-4.89,4/27,3/3,-4.9,3.45
candidate_068,-4.93,-4.91,3/27,3/3,-4.89,3.4
candidate_069,-5.04,-4.99,6/27,3/3,-4.88,3.5
candidate_070,-4.94,-4.91,6/27,3/3,-4.91,3.41
candidate_071,-4.92,-4.87,7/27,3/3,-4.9,3.44
candidate_072,-5.04,-5.01,3/27,3/3,-4.87,3.49
candidate_073,-4.96,-4.9,5/27,3/3,-4.95,3.4
candidate_074,-4.85,-4.83,5/27,3/3,-4.85,3.51
candidate_075,-5.04,-4.99,2/27,2/3,-4.5,3.54
control_FASTPETase,-4.94,-4.93,5/27,3/3,-4.91,3.35
control_WT,-4.92,-4.88,3/27,3/3,-4.81,3.4
