sequence_index,real_residue_number,wt_amino_acid
0,29,T
1,30,N
2,31,P
3,32,Y
4,33,A
5,34,R
6,35,G
7,36,P
8,37,N
9,38,P
10,39,T
11,40,A
12,41,A
13,42,S
14,43,L
15,44,E
16,45,A
17,46,S
18,47,A
19,48,G
20,49,P
21,50,F
22,51,T
23,52,V
24,53,R
25,54,S
26,55,F
27,56,T
28,57,V
29,58,S
30,59,R
31,60,P
32,61,S
33,62,G
34,63,Y
35,64,G
36,65,A
37,66,G
38,67,T
39,68,V
40,69,Y
41,70,Y
42,71,P
43,72,T
44,73,N
45,74,A
46,75,G
47,76,G
48,77,T
49,78,V
50,79,G
51,80,A
52,81,I
53,82,A
54,83,I
55,84,V
56,85,P
57,86,G
58,87,Y
59,88,T
60,89,A
61,90,R
62,91,Q
63,92,S
64,93,S
65,94,I
66,95,K
67,96,W
68,97,W
69,98,G
70,99,P
71,100,R
72,101,L
73,102,A
74,103,S
75,104,H
76,105,G
77,106,F
78,107,V
79,108,V
80,109,I
81,110,T
82,111,I
83,112,D
84,113,T
85,114,N
86,115,S
87,116,T
88,117,L
89,118,D
90,119,Q
91,120,P
92,121,S
93,122,S
94,123,R
95,124,S
96,125,S
97,126,Q
98,127,Q
99,128,M
100,129,A
101,130,A
102,131,L
103,132,R
104,133,Q
105,134,V
106,135,A
107,136,S
108,137,L
109,138,N
110,139,G
111,140,T
112,141,S
113,142,S
114,143,S
115,144,P
116,145,I
117,146,Y
118,147,G
119,148,K
120,149,V
121,150,D
122,151,T
123,152,A
124,153,R
125,154,M
126,155,G
127,156,V
128,157,M
129,158,G
130,159,W
131,160,S
132,161,M
133,162,G
134,163,G
135,164,G
136,165,G
137,166,S
138,167,L
139,168,I
140,169,S
141,170,A
142,171,A
143,172,N
144,173,N
145,174,P
146,175,S
147,176,L
148,177,K
149,178,A
150,179,A
151,180,A
152,181,P
153,182,Q
154,183,A
155,184,P
156,185,W
157,186,D
158,187,S
159,188,S
160,189,T
161,190,N
162,191,F
163,192,S
164,193,S
165,194,V
166,195,T
167,196,V
168,197,P
169,198,T
170,199,L
171,200,I
172,201,F
173,202,A
174,203,C
175,204,E
176,205,N
177,206,D
178,207,S
179,208,I
180,209,A
181,210,P
182,211,V
183,212,N
184,213,S
185,214,S
186,215,A
187,216,L
188,217,P
189,218,I
190,219,Y
191,220,D
192,221,S
193,222,M
194,223,S
195,224,R
196,225,N
197,226,A
198,227,K
199,228,Q
200,229,F
201,230,L
202,231,E
203,232,I
204,233,N
205,234,G
206,235,G
207,236,S
208,237,H
209,238,S
210,239,C
211,240,A
212,241,N
213,242,S
214,243,G
215,244,N
216,245,S
217,246,N
218,247,Q
219,248,A
220,249,L
221,250,I
222,251,G
223,252,K
224,253,K
225,254,G
226,255,V
227,256,A
228,257,W
229,258,M
230,259,K
231,260,R
232,261,F
233,262,M
234,263,D
235,264,N
236,265,D
237,266,T
238,267,R
239,268,Y
240,269,S
241,270,T
242,271,F
243,272,A
244,273,C
245,274,E
246,275,N
247,276,P
248,277,N
249,278,S
250,279,T
251,280,R
252,281,V
253,282,S
254,283,D
255,284,F
256,285,R
257,286,T
258,287,A
259,288,N
260,289,C
261,290,S
262,291,L
263,292,E
264,293,H
