wild_type,mutation_type,position_idx,stability_score
S,D,121,2.1
S,E,121,1.8
D,H,186,1.4
N,K,233,2.5
R,Q,224,3.2
S,H,214,1.9
R,F,132,2.0
T,C,140,2.8
S,C,160,2.8
W,H,159,3.5
S,Y,238,2.2
S;D,D;H,"121,186",4.5
D;N,H;K,"186,233",3.8
N;R,K;Q,"233,224",5.1
R;N;D,Q;K;H,"224,233,186",6.2
S;R,H;F,"214,132",4.0
R;T;S,F;C;C,"132,140,160",3.9
W;S,H;Y,"159,238",5.7
S;W;R,Y;H;Q,"238,159,224",4.1
S;R;T;S,H;F;C;C,"214,132,140,160",8.5
R;T;S;S,F;C;C;H,"132,140,160,214",7.2
W;S;S,H;Y;E,"159,238,121",9.1
S;W;S,Y;H;D,"238,159,121",6.8
A,T,180,2.4
G,A,165,1.5
