candidate_id,fasta_file,wild_type,mutation_type,position_idx,n_mutations,source_mechanism
candidate_001,candidate_001.fasta,S;Q;I;Q;T;D;E;K;T,A;L;R;L;Y;L;K;L;E,"124,127,168,182,189,220,231,252,270",9,
candidate_002,candidate_002.fasta,T;Q;Q;D;E;S;K;T;S,P;L;L;L;K;N;L;E;P,"116,127,182,220,231,238,252,270,290",9,
candidate_003,candidate_003.fasta,R;T;Q;Q;E;S;K;S,D;P;L;L;K;N;L;P,"90,116,127,182,231,238,252,290",8,
candidate_004,candidate_004.fasta,T;Q;Q;D;E;S;K;S,P;L;L;L;K;N;L;P,"116,127,182,220,231,238,252,290",8,
candidate_005,candidate_005.fasta,R;Q;Q;S;S;D;E;K;T,D;L;L;Q;T;L;K;L;E,"90,127,182,188,214,220,231,252,270",9,
candidate_006,candidate_006.fasta,T;Q;Q;S;S;D;E;K;T,V;L;L;Q;T;L;K;L;E,"72,127,182,188,214,220,231,252,270",9,
candidate_007,candidate_007.fasta,T;Q;Q;D;E;S;T;S,P;L;L;L;K;N;E;P,"116,127,182,220,231,238,270,290",8,
candidate_008,candidate_008.fasta,N;Q;I;Q;S;D;E;K,K;L;R;L;Q;L;K;L,"114,127,168,182,188,220,231,252",8,
candidate_009,candidate_009.fasta,T;T;Q;T;E;S;K;M;S,M;P;L;V;K;N;L;L;P,"51,116,182,198,231,238,252,262,290",9,
candidate_010,candidate_010.fasta,S;Q;I;Q;T;D;E;K,A;L;R;L;Y;L;K;L,"124,127,168,182,189,220,231,252",8,
candidate_011,candidate_011.fasta,T;T;S;Q;Q;D;E;K,V;P;E;L;L;H;K;L,"72,116,121,127,182,186,231,252",8,
candidate_012,candidate_012.fasta,T;S;Q;Q;D;D;E;K,P;E;L;L;H;L;K;L,"116,121,127,182,186,220,231,252",8,
candidate_013,candidate_013.fasta,R;Q;Q;S;D;E;K;T,D;L;L;T;L;K;L;E,"90,127,182,214,220,231,252,270",8,
candidate_014,candidate_014.fasta,T;S;Q;Q;D;E;K,P;E;L;L;H;K;L,"116,121,127,182,186,231,252",7,
candidate_015,candidate_015.fasta,T;T;Q;Q;E;S;K;S,L;P;L;L;K;N;L;P,"72,116,127,182,231,238,252,290",8,
candidate_016,candidate_016.fasta,S;Q;I;Q;T;D;E;T,A;L;R;L;Y;L;K;E,"124,127,168,182,189,220,231,270",8,
candidate_017,candidate_017.fasta,T;S;Q;D;D;E;S;T;S,P;E;L;H;L;K;N;E;P,"116,121,182,186,220,231,238,270,290",9,
candidate_018,candidate_018.fasta,T;T;Q;Q;E;S;K;S,V;P;L;L;K;N;L;P,"72,116,127,182,231,238,252,290",8,
candidate_019,candidate_019.fasta,T;S;H;Q;Q;D;E;S;K,M;W;M;L;L;L;K;P;L,"29,58,104,127,182,220,231,245,252",9,
candidate_020,candidate_020.fasta,R;T;S;Q;Q;D;E;K,D;P;E;L;L;H;K;L,"90,116,121,127,182,186,231,252",8,
candidate_021,candidate_021.fasta,T;N;Q;I;Q;S;E;K,V;K;L;R;L;Q;K;L,"72,114,127,168,182,188,231,252",8,
candidate_022,candidate_022.fasta,T;Q;Q;E;S;K;S,P;L;L;K;N;L;P,"116,127,182,231,238,252,290",7,
candidate_023,candidate_023.fasta,T;S;H;T;E;S;S;K;S,M;W;M;P;K;N;P;L;P,"29,58,104,116,231,238,245,252,290",9,
candidate_024,candidate_024.fasta,T;Q;E;S;K;M;S,P;L;K;N;L;L;P,"116,182,231,238,252,262,290",7,
candidate_025,candidate_025.fasta,T;Q;S;E;S;K;S,P;L;T;K;N;L;P,"116,182,214,231,238,252,290",7,
candidate_026,candidate_026.fasta,R;Q;S;I;Q;S;E;K,D;L;E;R;L;Q;K;L,"90,127,136,168,182,188,231,252",8,
candidate_027,candidate_027.fasta,T;S;H;Q;Q;E;S;K,M;W;M;L;L;K;P;L,"29,58,104,127,182,231,245,252",8,
candidate_028,candidate_028.fasta,T;S;H;Q;Q;D;E;S,M;W;M;L;L;L;K;P,"29,58,104,127,182,220,231,245",8,
candidate_029,candidate_029.fasta,N;Q;Q;D;E;K,K;L;L;L;K;L,"114,127,182,220,231,252",6,
candidate_030,candidate_030.fasta,T;S;I;S;E;S;K;S,P;E;R;Q;K;N;L;P,"116,136,168,188,231,238,252,290",8,
candidate_031,candidate_031.fasta,R;N;Q;Q;E;K,D;K;L;L;K;L,"90,114,127,182,231,252",6,
candidate_032,candidate_032.fasta,T;R;Q;Q;E;K,L;D;L;L;K;L,"72,90,127,182,231,252",6,
candidate_033,candidate_033.fasta,R;N;Q;I;Q;S;E;K,D;K;L;R;L;Q;K;L,"90,114,127,168,182,188,231,252",8,
candidate_034,candidate_034.fasta,T;T;Q;E;S;K;S,L;P;L;K;N;L;P,"72,116,182,231,238,252,290",7,
candidate_035,candidate_035.fasta,A;T;E;S;K;T;S,W;P;K;N;L;E;P,"65,116,231,238,252,270,290",7,
candidate_036,candidate_036.fasta,T;Q;Q;D;E;K,V;L;L;L;K;L,"72,127,182,220,231,252",6,
candidate_037,candidate_037.fasta,A;T;S;Q;D;E;S;T;S,W;P;E;L;H;K;N;E;P,"65,116,121,182,186,231,238,270,290",9,
candidate_038,candidate_038.fasta,T;N;Q;Q;E;K,V;K;L;L;K;L,"72,114,127,182,231,252",6,
candidate_039,candidate_039.fasta,R;Q;Q;E;K;T,D;L;L;K;L;E,"90,127,182,231,252,270",6,
candidate_040,candidate_040.fasta,T;S;T;H;Q;Q;E;S;K,M;W;V;M;L;L;K;P;L,"29,58,72,104,127,182,231,245,252",9,
candidate_041,candidate_041.fasta,Q;S;I;Q;S;D;E;K,L;E;R;L;Q;L;K;L,"127,136,168,182,188,220,231,252",8,
candidate_042,candidate_042.fasta,T;S;R;H;Q;Q;E;S;K,M;W;D;M;L;L;K;P;L,"29,58,90,104,127,182,231,245,252",9,
candidate_043,candidate_043.fasta,T;Q;Q;D;E;K,L;L;L;L;K;L,"72,127,182,220,231,252",6,
candidate_044,candidate_044.fasta,R;Q;Q;D;E;K,D;L;L;L;K;L,"90,127,182,220,231,252",6,
candidate_045,candidate_045.fasta,T;S;H;T;S;Q;D;E;S,M;W;M;P;E;L;H;K;P,"29,58,104,116,121,182,186,231,245",9,
candidate_046,candidate_046.fasta,T;S;T;H;Q;Q;E;S,M;W;L;M;L;L;K;P,"29,58,72,104,127,182,231,245",8,
candidate_047,candidate_047.fasta,T;T;S;H;Q;T;E;S;M,M;M;W;M;L;V;K;P;L,"29,51,58,104,182,198,231,245,262",9,
candidate_048,candidate_048.fasta,T;Q;S;I;Q;S;E;K,V;L;E;R;L;Q;K;L,"72,127,136,168,182,188,231,252",8,
candidate_049,candidate_049.fasta,T;R;Q;Q;E;K,V;D;L;L;K;L,"72,90,127,182,231,252",6,
candidate_050,candidate_050.fasta,T;S;S;I;Q;D;S;E,P;E;E;R;L;H;Q;K,"116,121,136,168,182,186,188,231",8,
candidate_051,candidate_051.fasta,N;S;S;Q;Q;D;L;D;E;L;K;T,I;D;N;L;L;V;Q;L;K;K;L;E,"37,58,124,127,182,186,216,220,231,249,252,270",12,
candidate_052,candidate_052.fasta,S;S;Q;Q;D;L;D;E;L;K;T;C,D;N;L;L;V;Q;L;K;K;L;E;D,"58,124,127,182,186,216,220,231,249,252,270,289",12,
candidate_053,candidate_053.fasta,N;S;S;Q;Q;D;D;E;L;K;T;C,I;D;N;L;L;V;L;K;K;L;E;D,"37,58,124,127,182,186,220,231,249,252,270,289",12,
candidate_054,candidate_054.fasta,N;R;S;S;Q;Q;D;E;L;K;T;C,I;L;D;N;L;L;L;K;K;L;E;D,"37,53,58,124,127,182,220,231,249,252,270,289",12,
candidate_055,candidate_055.fasta,N;S;Q;Q;D;L;D;E;L;K;T;C,I;N;L;L;V;Q;L;K;K;L;E;D,"37,124,127,182,186,216,220,231,249,252,270,289",12,
candidate_056,candidate_056.fasta,N;S;S;Q;Q;L;D;E;L;K;T;C,I;D;N;L;L;Q;L;K;K;L;E;D,"37,58,124,127,182,216,220,231,249,252,270,289",12,
candidate_057,candidate_057.fasta,S;S;K;S;D;F;N;S;R;S,A;V;N;E;H;I;C;V;A;C,"58,61,95,121,186,201,233,269,280,282",10,
candidate_058,candidate_058.fasta,K;N;S;S;A;D;S;F;S;T;R,N;I;E;N;C;V;C;I;V;Q;A,"95,114,121,124,171,186,193,201,269,270,280",11,
candidate_059,candidate_059.fasta,K;S;S;D;F;N;S;R;S,N;E;N;V;I;C;V;A;C,"95,121,124,186,201,233,269,280,282",9,
candidate_060,candidate_060.fasta,K;S;S;I;D;F;N;S;R;S,N;E;N;R;H;I;C;V;A;C,"95,121,124,168,186,201,233,269,280,282",10,
candidate_061,candidate_061.fasta,S;S;I;A;D;S;R;N;R,E;N;R;C;H;C;Q;K;A,"121,124,168,171,186,193,224,233,280",9,
candidate_062,candidate_062.fasta,K;S;A;D;S;N;S;R;S,N;E;C;V;C;C;V;A;C,"95,121,171,186,193,233,269,280,282",9,
candidate_063,candidate_063.fasta,N;S;S;Q;Q;D;D;E;L;K;T;N,I;D;N;L;L;V;L;K;K;L;E;P,"37,58,124,127,182,186,220,231,249,252,270,277",12,
candidate_064,candidate_064.fasta,K;S;S;D;E;N;G;R;S,N;E;N;V;R;C;D;A;C,"95,121,124,186,204,233,234,280,282",9,
candidate_065,candidate_065.fasta,K;S;I;A;D;S;R;N;S;R,N;E;R;C;H;C;Q;K;V;A,"95,121,168,171,186,193,224,233,269,280",10,
candidate_066,candidate_066.fasta,K;S;A;D;S;F;N;T;R;S,N;E;C;H;C;I;C;Q;A;C,"95,121,171,186,193,201,233,270,280,282",10,
candidate_067,candidate_067.fasta,N;S;Q;Q;D;D;E;L;K;T;N;C,I;N;L;L;V;L;K;K;L;E;P;D,"37,124,127,182,186,220,231,249,252,270,277,289",12,
candidate_068,candidate_068.fasta,S;S;Q;Q;D;D;E;L;K;T;N;C,D;N;L;L;V;L;K;K;L;E;P;D,"58,124,127,182,186,220,231,249,252,270,277,289",12,
candidate_069,candidate_069.fasta,N;S;S;Q;Q;D;E;L;K;T;N;C,I;D;N;L;L;L;K;K;L;E;P;D,"37,58,124,127,182,220,231,249,252,270,277,289",12,
candidate_070,candidate_070.fasta,Q;K;E;Q;R,L;L;K;L;D,"127,252,231,182,90",5,
candidate_071,candidate_071.fasta,Q;K;E;Q;T,L;L;K;L;V,"127,252,231,182,72",5,
candidate_072,candidate_072.fasta,Q;K;E;Q;D,L;L;K;L;L,"127,252,231,182,220",5,
candidate_073,candidate_073.fasta,T;S;S;K;E,P;N;P;L;K,"116,238,290,252,231",5,
candidate_074,candidate_074.fasta,S;D;T;Q;E,E;H;P;L;K,"121,186,116,182,231",5,
candidate_075,candidate_075.fasta,T;T;M;Q;E,V;M;L;L;K,"198,51,262,182,231",5,
