wild_type,mutation_type,position_idx,stability_score,protein_id,_source_mechanism,_estimate,_n_mutations
N;S;S;Q;Q;D;D;E;L;K;T;C,I;D;N;L;L;V;L;K;K;L;E;D,"37,58,124,127,182,186,220,231,249,252,270,289",0.0,6EQE,no_overlap_beam,26.185,12
N;S;S;Q;Q;L;D;E;L;K;T;C,I;D;N;L;L;Q;L;K;K;L;E;D,"37,58,124,127,182,216,220,231,249,252,270,289",0.0,6EQE,no_overlap_beam,26.066,12
N;S;S;Q;Q;D;E;L;K;T;N;C,I;D;N;L;L;L;K;K;L;E;P;D,"37,58,124,127,182,220,231,249,252,270,277,289",0.0,6EQE,no_overlap_beam,26.055,12
N;S;S;Q;Q;D;L;D;E;L;K;T,I;D;N;L;L;V;Q;L;K;K;L;E,"37,58,124,127,182,186,216,220,231,249,252,270",0.0,6EQE,no_overlap_beam,26.02,12
N;S;S;Q;Q;D;D;E;L;K;T;N,I;D;N;L;L;V;L;K;K;L;E;P,"37,58,124,127,182,186,220,231,249,252,270,277",0.0,6EQE,no_overlap_beam,26.01,12
S;S;Q;Q;D;L;D;E;L;K;T;C,D;N;L;L;V;Q;L;K;K;L;E;D,"58,124,127,182,186,216,220,231,249,252,270,289",0.0,6EQE,no_overlap_beam,25.993,12
S;S;Q;Q;D;D;E;L;K;T;N;C,D;N;L;L;V;L;K;K;L;E;P;D,"58,124,127,182,186,220,231,249,252,270,277,289",0.0,6EQE,no_overlap_beam,25.983,12
N;S;Q;Q;D;L;D;E;L;K;T;C,I;N;L;L;V;Q;L;K;K;L;E;D,"37,124,127,182,186,216,220,231,249,252,270,289",0.0,6EQE,no_overlap_beam,25.976,12
N;R;S;S;Q;Q;D;E;L;K;T;C,I;L;D;N;L;L;L;K;K;L;E;D,"37,53,58,124,127,182,220,231,249,252,270,289",0.0,6EQE,no_overlap_beam,25.975,12
N;S;Q;Q;D;D;E;L;K;T;N;C,I;N;L;L;V;L;K;K;L;E;P;D,"37,124,127,182,186,220,231,249,252,270,277,289",0.0,6EQE,no_overlap_beam,25.966,12
T;R;Q;Q;E;K,V;D;L;L;K;L,"72,90,127,182,231,252",0.0,6EQE,overlap_merge,18.739,6
T;Q;Q;D;E;S;K;S,P;L;L;L;K;N;L;P,"116,127,182,220,231,238,252,290",0.0,6EQE,overlap_merge,16.524,8
T;T;Q;Q;E;S;K;S,L;P;L;L;K;N;L;P,"72,116,127,182,231,238,252,290",0.0,6EQE,overlap_merge,16.347,8
T;S;R;H;Q;Q;E;S;K,M;W;D;M;L;L;K;P;L,"29,58,90,104,127,182,231,245,252",0.0,6EQE,overlap_merge,16.031,9
T;T;Q;T;E;S;K;M;S,M;P;L;V;K;N;L;L;P,"51,116,182,198,231,238,252,262,290",0.0,6EQE,overlap_merge,16.023,9
T;S;T;H;Q;Q;E;S;K,M;W;V;M;L;L;K;P;L,"29,58,72,104,127,182,231,245,252",0.0,6EQE,overlap_merge,15.847,9
T;S;H;Q;Q;D;E;S;K,M;W;M;L;L;L;K;P;L,"29,58,104,127,182,220,231,245,252",0.0,6EQE,overlap_merge,15.836,9
T;R;Q;Q;E;K,L;D;L;L;K;L,"72,90,127,182,231,252",0.0,6EQE,overlap_merge,15.834,6
T;Q;Q;D;E;S;K;T;S,P;L;L;L;K;N;L;E;P,"116,127,182,220,231,238,252,270,290",0.0,6EQE,overlap_merge,15.66,9
T;Q;Q;D;E;K,L;L;L;L;K;L,"72,127,182,220,231,252",0.0,6EQE,overlap_merge,15.639,6
S;Q;I;Q;T;D;E;K;T,A;L;R;L;Y;L;K;L;E,"124,127,168,182,189,220,231,252,270",0.0,6EQE,overlap_merge,15.474,9
T;S;H;T;E;S;S;K;S,M;W;M;P;K;N;P;L;P,"29,58,104,116,231,238,245,252,290",0.0,6EQE,overlap_merge,15.249,9
R;Q;S;I;Q;S;E;K,D;L;E;R;L;Q;K;L,"90,127,136,168,182,188,231,252",0.0,6EQE,overlap_merge,15.146,8
T;T;Q;E;S;K;S,L;P;L;K;N;L;P,"72,116,182,231,238,252,290",0.0,6EQE,overlap_merge,15.053,7
T;Q;S;I;Q;S;E;K,V;L;E;R;L;Q;K;L,"72,127,136,168,182,188,231,252",0.0,6EQE,overlap_merge,14.961,8
Q;S;I;Q;S;D;E;K,L;E;R;L;Q;L;K;L,"127,136,168,182,188,220,231,252",0.0,6EQE,overlap_merge,14.95,8
T;S;H;T;S;Q;D;E;S,M;W;M;P;E;L;H;K;P,"29,58,104,116,121,182,186,231,245",0.0,6EQE,overlap_merge,14.881,9
T;Q;Q;E;S;K;S,P;L;L;K;N;L;P,"116,127,182,231,238,252,290",0.0,6EQE,overlap_merge,14.86,7
A;T;E;S;K;T;S,W;P;K;N;L;E;P,"65,116,231,238,252,270,290",0.0,6EQE,overlap_merge,14.829,7
R;T;Q;Q;E;S;K;S,D;P;L;L;K;N;L;P,"90,116,127,182,231,238,252,290",0.0,6EQE,overlap_merge,14.752,8
T;S;Q;D;D;E;S;T;S,P;E;L;H;L;K;N;E;P,"116,121,182,186,220,231,238,270,290",0.0,6EQE,overlap_merge,14.706,9
T;S;H;Q;Q;E;S;K,M;W;M;L;L;K;P;L,"29,58,104,127,182,231,245,252",0.0,6EQE,overlap_merge,14.648,8
T;T;Q;Q;E;S;K;S,V;P;L;L;K;N;L;P,"72,116,127,182,231,238,252,290",0.0,6EQE,overlap_merge,14.568,8
S;Q;I;Q;T;D;E;K,A;L;R;L;Y;L;K;L,"124,127,168,182,189,220,231,252",0.0,6EQE,overlap_merge,14.52,8
A;T;S;Q;D;E;S;T;S,W;P;E;L;H;K;N;E;P,"65,116,121,182,186,231,238,270,290",0.0,6EQE,overlap_merge,14.46,9
R;T;S;Q;Q;D;E;K,D;P;E;L;L;H;K;L,"90,116,121,127,182,186,231,252",0.0,6EQE,overlap_merge,14.46,8
T;S;H;Q;Q;D;E;S,M;W;M;L;L;L;K;P,"29,58,104,127,182,220,231,245",0.0,6EQE,overlap_merge,14.413,8
T;Q;S;E;S;K;S,P;L;T;K;N;L;P,"116,182,214,231,238,252,290",0.0,6EQE,overlap_merge,14.379,7
T;S;I;S;E;S;K;S,P;E;R;Q;K;N;L;P,"116,136,168,188,231,238,252,290",0.0,6EQE,overlap_merge,14.364,8
T;S;Q;Q;D;E;K,P;E;L;L;H;K;L,"116,121,127,182,186,231,252",0.0,6EQE,overlap_merge,14.343,7
R;Q;Q;D;E;K,D;L;L;L;K;L,"90,127,182,220,231,252",0.0,6EQE,overlap_merge,14.341,6
R;Q;Q;S;S;D;E;K;T,D;L;L;Q;T;L;K;L;E,"90,127,182,188,214,220,231,252,270",0.0,6EQE,overlap_merge,14.302,9
T;Q;E;S;K;M;S,P;L;K;N;L;L;P,"116,182,231,238,252,262,290",0.0,6EQE,overlap_merge,14.28,7
T;T;S;Q;Q;D;E;K,V;P;E;L;L;H;K;L,"72,116,121,127,182,186,231,252",0.0,6EQE,overlap_merge,14.276,8
T;S;Q;Q;D;D;E;K,P;E;L;L;H;L;K;L,"116,121,127,182,186,220,231,252",0.0,6EQE,overlap_merge,14.265,8
R;N;Q;I;Q;S;E;K,D;K;L;R;L;Q;K;L,"90,114,127,168,182,188,231,252",0.0,6EQE,overlap_merge,14.261,8
R;N;Q;Q;E;K,D;K;L;L;K;L,"90,114,127,182,231,252",0.0,6EQE,overlap_merge,14.238,6
T;Q;Q;D;E;S;T;S,P;L;L;L;K;N;E;P,"116,127,182,220,231,238,270,290",0.0,6EQE,overlap_merge,14.238,8
T;S;T;H;Q;Q;E;S,M;W;L;M;L;L;K;P,"29,58,72,104,127,182,231,245",0.0,6EQE,overlap_merge,14.236,8
T;Q;Q;D;E;K,V;L;L;L;K;L,"72,127,182,220,231,252",0.0,6EQE,overlap_merge,14.157,6
T;Q;Q;S;S;D;E;K;T,V;L;L;Q;T;L;K;L;E,"72,127,182,188,214,220,231,252,270",0.0,6EQE,overlap_merge,14.118,9
R;Q;Q;E;K;T,D;L;L;K;L;E,"90,127,182,231,252,270",0.0,6EQE,overlap_merge,14.078,6
T;N;Q;I;Q;S;E;K,V;K;L;R;L;Q;K;L,"72,114,127,168,182,188,231,252",0.0,6EQE,overlap_merge,14.077,8
N;Q;I;Q;S;D;E;K,K;L;R;L;Q;L;K;L,"114,127,168,182,188,220,231,252",0.0,6EQE,overlap_merge,14.066,8
T;N;Q;Q;E;K,V;K;L;L;K;L,"72,114,127,182,231,252",0.0,6EQE,overlap_merge,14.054,6
S;Q;I;Q;T;D;E;T,A;L;R;L;Y;L;K;E,"124,127,168,182,189,220,231,270",0.0,6EQE,overlap_merge,14.052,8
N;Q;Q;D;E;K,K;L;L;L;K;L,"114,127,182,220,231,252",0.0,6EQE,overlap_merge,14.043,6
R;Q;Q;S;D;E;K;T,D;L;L;T;L;K;L;E,"90,127,182,214,220,231,252,270",0.0,6EQE,overlap_merge,13.997,8
T;S;S;I;Q;D;S;E,P;E;E;R;L;H;Q;K,"116,121,136,168,182,186,188,231",0.0,6EQE,overlap_merge,13.996,8
T;T;S;H;Q;T;E;S;M,M;M;W;M;L;V;K;P;L,"29,51,58,104,182,198,231,245,262",0.0,6EQE,overlap_merge,13.912,9
K;S;S;I;D;F;N;S;R;S,N;E;N;R;V;I;C;V;A;C,"95,121,124,139,186,201,233,269,280,282",0.0,6EQE,overlap_merge,-18.832,10
K;S;S;I;D;F;N;S;R;S,N;E;N;R;H;I;C;V;A;C,"95,121,124,139,186,201,233,269,280,282",0.0,6EQE,overlap_merge,-20.662,10
K;S;S;I;D;E;N;G;R;S,N;E;N;R;V;R;C;D;A;C,"95,121,124,139,186,204,233,234,280,282",0.0,6EQE,overlap_merge,-12.013,10
K;S;I;A;D;S;N;S;R;S,N;E;R;C;V;C;C;V;A;C,"95,121,139,171,186,193,233,269,280,282",0.0,6EQE,overlap_merge,-30.312,10
K;N;S;S;I;A;D;S;F;S;T;R,N;I;E;N;R;C;V;C;I;V;Q;A,"95,114,121,124,139,171,186,193,201,269,270,280",0.0,6EQE,overlap_merge,-24.758,12
K;S;I;A;D;S;R;N;S;R,N;E;R;C;H;C;Q;K;V;A,"95,121,139,171,186,193,224,233,269,280",0.0,6EQE,overlap_merge,-25.164,10
S;S;I;A;D;S;R;N;R,E;N;R;C;H;C;Q;K;A,"121,124,139,171,186,193,224,233,280",0.0,6EQE,overlap_merge,-12.726,9