wild_type,mutation_type,position_idx,stability_score,protein_id
T,A,29,0.0,6EQE
T,C,29,0.0,6EQE
T,D,29,0.0,6EQE
T,E,29,0.0,6EQE
T,F,29,0.0,6EQE
T,G,29,0.0,6EQE
T,H,29,0.0,6EQE
T,I,29,0.0,6EQE
T,K,29,0.0,6EQE
T,L,29,0.0,6EQE
T,M,29,0.0,6EQE
T,N,29,0.0,6EQE
T,P,29,0.0,6EQE
T,Q,29,0.0,6EQE
T,R,29,0.0,6EQE
T,S,29,0.0,6EQE
T,V,29,0.0,6EQE
T,W,29,0.0,6EQE
T,Y,29,0.0,6EQE
N,A,30,0.0,6EQE
N,C,30,0.0,6EQE
N,D,30,0.0,6EQE
N,E,30,0.0,6EQE
N,F,30,0.0,6EQE
N,G,30,0.0,6EQE
N,H,30,0.0,6EQE
N,I,30,0.0,6EQE
N,K,30,0.0,6EQE
N,L,30,0.0,6EQE
N,M,30,0.0,6EQE
N,P,30,0.0,6EQE
N,Q,30,0.0,6EQE
N,R,30,0.0,6EQE
N,S,30,0.0,6EQE
N,T,30,0.0,6EQE
N,V,30,0.0,6EQE
N,W,30,0.0,6EQE
N,Y,30,0.0,6EQE
P,A,31,0.0,6EQE
P,C,31,0.0,6EQE
P,D,31,0.0,6EQE
P,E,31,0.0,6EQE
P,F,31,0.0,6EQE
P,G,31,0.0,6EQE
P,H,31,0.0,6EQE
P,I,31,0.0,6EQE
P,K,31,0.0,6EQE
P,L,31,0.0,6EQE
P,M,31,0.0,6EQE
P,N,31,0.0,6EQE
P,Q,31,0.0,6EQE
P,R,31,0.0,6EQE
P,S,31,0.0,6EQE
P,T,31,0.0,6EQE
P,V,31,0.0,6EQE
P,W,31,0.0,6EQE
P,Y,31,0.0,6EQE
Y,A,32,0.0,6EQE
Y,C,32,0.0,6EQE
Y,D,32,0.0,6EQE
Y,E,32,0.0,6EQE
Y,F,32,0.0,6EQE
Y,G,32,0.0,6EQE
Y,H,32,0.0,6EQE
Y,I,32,0.0,6EQE
Y,K,32,0.0,6EQE
Y,L,32,0.0,6EQE
Y,M,32,0.0,6EQE
Y,N,32,0.0,6EQE
Y,P,32,0.0,6EQE
Y,Q,32,0.0,6EQE
Y,R,32,0.0,6EQE
Y,S,32,0.0,6EQE
Y,T,32,0.0,6EQE
Y,V,32,0.0,6EQE
Y,W,32,0.0,6EQE
A,C,33,0.0,6EQE
A,D,33,0.0,6EQE
A,E,33,0.0,6EQE
A,F,33,0.0,6EQE
A,G,33,0.0,6EQE
A,H,33,0.0,6EQE
A,I,33,0.0,6EQE
A,K,33,0.0,6EQE
A,L,33,0.0,6EQE
A,M,33,0.0,6EQE
A,N,33,0.0,6EQE
A,P,33,0.0,6EQE
A,Q,33,0.0,6EQE
A,R,33,0.0,6EQE
A,S,33,0.0,6EQE
A,T,33,0.0,6EQE
A,V,33,0.0,6EQE
A,W,33,0.0,6EQE
A,Y,33,0.0,6EQE
R,A,34,0.0,6EQE
R,C,34,0.0,6EQE
R,D,34,0.0,6EQE
R,E,34,0.0,6EQE
R,F,34,0.0,6EQE
R,G,34,0.0,6EQE
R,H,34,0.0,6EQE
R,I,34,0.0,6EQE
R,K,34,0.0,6EQE
R,L,34,0.0,6EQE
R,M,34,0.0,6EQE
R,N,34,0.0,6EQE
R,P,34,0.0,6EQE
R,Q,34,0.0,6EQE
R,S,34,0.0,6EQE
R,T,34,0.0,6EQE
R,V,34,0.0,6EQE
R,W,34,0.0,6EQE
R,Y,34,0.0,6EQE
G,A,35,0.0,6EQE
G,C,35,0.0,6EQE
G,D,35,0.0,6EQE
G,E,35,0.0,6EQE
G,F,35,0.0,6EQE
G,H,35,0.0,6EQE
G,I,35,0.0,6EQE
G,K,35,0.0,6EQE
G,L,35,0.0,6EQE
G,M,35,0.0,6EQE
G,N,35,0.0,6EQE
G,P,35,0.0,6EQE
G,Q,35,0.0,6EQE
G,R,35,0.0,6EQE
G,S,35,0.0,6EQE
G,T,35,0.0,6EQE
G,V,35,0.0,6EQE
G,W,35,0.0,6EQE
G,Y,35,0.0,6EQE
P,A,36,0.0,6EQE
P,C,36,0.0,6EQE
P,D,36,0.0,6EQE
P,E,36,0.0,6EQE
P,F,36,0.0,6EQE
P,G,36,0.0,6EQE
P,H,36,0.0,6EQE
P,I,36,0.0,6EQE
P,K,36,0.0,6EQE
P,L,36,0.0,6EQE
P,M,36,0.0,6EQE
P,N,36,0.0,6EQE
P,Q,36,0.0,6EQE
P,R,36,0.0,6EQE
P,S,36,0.0,6EQE
P,T,36,0.0,6EQE
P,V,36,0.0,6EQE
P,W,36,0.0,6EQE
P,Y,36,0.0,6EQE
N,A,37,0.0,6EQE
N,C,37,0.0,6EQE
N,D,37,0.0,6EQE
N,E,37,0.0,6EQE
N,F,37,0.0,6EQE
N,G,37,0.0,6EQE
N,H,37,0.0,6EQE
N,I,37,0.0,6EQE
N,K,37,0.0,6EQE
N,L,37,0.0,6EQE
N,M,37,0.0,6EQE
N,P,37,0.0,6EQE
N,Q,37,0.0,6EQE
N,R,37,0.0,6EQE
N,S,37,0.0,6EQE
N,T,37,0.0,6EQE
N,V,37,0.0,6EQE
N,W,37,0.0,6EQE
N,Y,37,0.0,6EQE
P,A,38,0.0,6EQE
P,C,38,0.0,6EQE
P,D,38,0.0,6EQE
P,E,38,0.0,6EQE
P,F,38,0.0,6EQE
P,G,38,0.0,6EQE
P,H,38,0.0,6EQE
P,I,38,0.0,6EQE
P,K,38,0.0,6EQE
P,L,38,0.0,6EQE
P,M,38,0.0,6EQE
P,N,38,0.0,6EQE
P,Q,38,0.0,6EQE
P,R,38,0.0,6EQE
P,S,38,0.0,6EQE
P,T,38,0.0,6EQE
P,V,38,0.0,6EQE
P,W,38,0.0,6EQE
P,Y,38,0.0,6EQE
T,A,39,0.0,6EQE
T,C,39,0.0,6EQE
T,D,39,0.0,6EQE
T,E,39,0.0,6EQE
T,F,39,0.0,6EQE
T,G,39,0.0,6EQE
T,H,39,0.0,6EQE
T,I,39,0.0,6EQE
T,K,39,0.0,6EQE
T,L,39,0.0,6EQE
T,M,39,0.0,6EQE
T,N,39,0.0,6EQE
T,P,39,0.0,6EQE
T,Q,39,0.0,6EQE
T,R,39,0.0,6EQE
T,S,39,0.0,6EQE
T,V,39,0.0,6EQE
T,W,39,0.0,6EQE
T,Y,39,0.0,6EQE
A,C,40,0.0,6EQE
A,D,40,0.0,6EQE
A,E,40,0.0,6EQE
A,F,40,0.0,6EQE
A,G,40,0.0,6EQE
A,H,40,0.0,6EQE
A,I,40,0.0,6EQE
A,K,40,0.0,6EQE
A,L,40,0.0,6EQE
A,M,40,0.0,6EQE
A,N,40,0.0,6EQE
A,P,40,0.0,6EQE
A,Q,40,0.0,6EQE
A,R,40,0.0,6EQE
A,S,40,0.0,6EQE
A,T,40,0.0,6EQE
A,V,40,0.0,6EQE
A,W,40,0.0,6EQE
A,Y,40,0.0,6EQE
A,C,41,0.0,6EQE
A,D,41,0.0,6EQE
A,E,41,0.0,6EQE
A,F,41,0.0,6EQE
A,G,41,0.0,6EQE
A,H,41,0.0,6EQE
A,I,41,0.0,6EQE
A,K,41,0.0,6EQE
A,L,41,0.0,6EQE
A,M,41,0.0,6EQE
A,N,41,0.0,6EQE
A,P,41,0.0,6EQE
A,Q,41,0.0,6EQE
A,R,41,0.0,6EQE
A,S,41,0.0,6EQE
A,T,41,0.0,6EQE
A,V,41,0.0,6EQE
A,W,41,0.0,6EQE
A,Y,41,0.0,6EQE
S,A,42,0.0,6EQE
S,C,42,0.0,6EQE
S,D,42,0.0,6EQE
S,E,42,0.0,6EQE
S,F,42,0.0,6EQE
S,G,42,0.0,6EQE
S,H,42,0.0,6EQE
S,I,42,0.0,6EQE
S,K,42,0.0,6EQE
S,L,42,0.0,6EQE
S,M,42,0.0,6EQE
S,N,42,0.0,6EQE
S,P,42,0.0,6EQE
S,Q,42,0.0,6EQE
S,R,42,0.0,6EQE
S,T,42,0.0,6EQE
S,V,42,0.0,6EQE
S,W,42,0.0,6EQE
S,Y,42,0.0,6EQE
L,A,43,0.0,6EQE
L,C,43,0.0,6EQE
L,D,43,0.0,6EQE
L,E,43,0.0,6EQE
L,F,43,0.0,6EQE
L,G,43,0.0,6EQE
L,H,43,0.0,6EQE
L,I,43,0.0,6EQE
L,K,43,0.0,6EQE
L,M,43,0.0,6EQE
L,N,43,0.0,6EQE
L,P,43,0.0,6EQE
L,Q,43,0.0,6EQE
L,R,43,0.0,6EQE
L,S,43,0.0,6EQE
L,T,43,0.0,6EQE
L,V,43,0.0,6EQE
L,W,43,0.0,6EQE
L,Y,43,0.0,6EQE
E,A,44,0.0,6EQE
E,C,44,0.0,6EQE
E,D,44,0.0,6EQE
E,F,44,0.0,6EQE
E,G,44,0.0,6EQE
E,H,44,0.0,6EQE
E,I,44,0.0,6EQE
E,K,44,0.0,6EQE
E,L,44,0.0,6EQE
E,M,44,0.0,6EQE
E,N,44,0.0,6EQE
E,P,44,0.0,6EQE
E,Q,44,0.0,6EQE
E,R,44,0.0,6EQE
E,S,44,0.0,6EQE
E,T,44,0.0,6EQE
E,V,44,0.0,6EQE
E,W,44,0.0,6EQE
E,Y,44,0.0,6EQE
A,C,45,0.0,6EQE
A,D,45,0.0,6EQE
A,E,45,0.0,6EQE
A,F,45,0.0,6EQE
A,G,45,0.0,6EQE
A,H,45,0.0,6EQE
A,I,45,0.0,6EQE
A,K,45,0.0,6EQE
A,L,45,0.0,6EQE
A,M,45,0.0,6EQE
A,N,45,0.0,6EQE
A,P,45,0.0,6EQE
A,Q,45,0.0,6EQE
A,R,45,0.0,6EQE
A,S,45,0.0,6EQE
A,T,45,0.0,6EQE
A,V,45,0.0,6EQE
A,W,45,0.0,6EQE
A,Y,45,0.0,6EQE
S,A,46,0.0,6EQE
S,C,46,0.0,6EQE
S,D,46,0.0,6EQE
S,E,46,0.0,6EQE
S,F,46,0.0,6EQE
S,G,46,0.0,6EQE
S,H,46,0.0,6EQE
S,I,46,0.0,6EQE
S,K,46,0.0,6EQE
S,L,46,0.0,6EQE
S,M,46,0.0,6EQE
S,N,46,0.0,6EQE
S,P,46,0.0,6EQE
S,Q,46,0.0,6EQE
S,R,46,0.0,6EQE
S,T,46,0.0,6EQE
S,V,46,0.0,6EQE
S,W,46,0.0,6EQE
S,Y,46,0.0,6EQE
A,C,47,0.0,6EQE
A,D,47,0.0,6EQE
A,E,47,0.0,6EQE
A,F,47,0.0,6EQE
A,G,47,0.0,6EQE
A,H,47,0.0,6EQE
A,I,47,0.0,6EQE
A,K,47,0.0,6EQE
A,L,47,0.0,6EQE
A,M,47,0.0,6EQE
A,N,47,0.0,6EQE
A,P,47,0.0,6EQE
A,Q,47,0.0,6EQE
A,R,47,0.0,6EQE
A,S,47,0.0,6EQE
A,T,47,0.0,6EQE
A,V,47,0.0,6EQE
A,W,47,0.0,6EQE
A,Y,47,0.0,6EQE
G,A,48,0.0,6EQE
G,C,48,0.0,6EQE
G,D,48,0.0,6EQE
G,E,48,0.0,6EQE
G,F,48,0.0,6EQE
G,H,48,0.0,6EQE
G,I,48,0.0,6EQE
G,K,48,0.0,6EQE
G,L,48,0.0,6EQE
G,M,48,0.0,6EQE
G,N,48,0.0,6EQE
G,P,48,0.0,6EQE
G,Q,48,0.0,6EQE
G,R,48,0.0,6EQE
G,S,48,0.0,6EQE
G,T,48,0.0,6EQE
G,V,48,0.0,6EQE
G,W,48,0.0,6EQE
G,Y,48,0.0,6EQE
P,A,49,0.0,6EQE
P,C,49,0.0,6EQE
P,D,49,0.0,6EQE
P,E,49,0.0,6EQE
P,F,49,0.0,6EQE
P,G,49,0.0,6EQE
P,H,49,0.0,6EQE
P,I,49,0.0,6EQE
P,K,49,0.0,6EQE
P,L,49,0.0,6EQE
P,M,49,0.0,6EQE
P,N,49,0.0,6EQE
P,Q,49,0.0,6EQE
P,R,49,0.0,6EQE
P,S,49,0.0,6EQE
P,T,49,0.0,6EQE
P,V,49,0.0,6EQE
P,W,49,0.0,6EQE
P,Y,49,0.0,6EQE
F,A,50,0.0,6EQE
F,C,50,0.0,6EQE
F,D,50,0.0,6EQE
F,E,50,0.0,6EQE
F,G,50,0.0,6EQE
F,H,50,0.0,6EQE
F,I,50,0.0,6EQE
F,K,50,0.0,6EQE
F,L,50,0.0,6EQE
F,M,50,0.0,6EQE
F,N,50,0.0,6EQE
F,P,50,0.0,6EQE
F,Q,50,0.0,6EQE
F,R,50,0.0,6EQE
F,S,50,0.0,6EQE
F,T,50,0.0,6EQE
F,V,50,0.0,6EQE
F,W,50,0.0,6EQE
F,Y,50,0.0,6EQE
T,A,51,0.0,6EQE
T,C,51,0.0,6EQE
T,D,51,0.0,6EQE
T,E,51,0.0,6EQE
T,F,51,0.0,6EQE
T,G,51,0.0,6EQE
T,H,51,0.0,6EQE
T,I,51,0.0,6EQE
T,K,51,0.0,6EQE
T,L,51,0.0,6EQE
T,M,51,0.0,6EQE
T,N,51,0.0,6EQE
T,P,51,0.0,6EQE
T,Q,51,0.0,6EQE
T,R,51,0.0,6EQE
T,S,51,0.0,6EQE
T,V,51,0.0,6EQE
T,W,51,0.0,6EQE
T,Y,51,0.0,6EQE
V,A,52,0.0,6EQE
V,C,52,0.0,6EQE
V,D,52,0.0,6EQE
V,E,52,0.0,6EQE
V,F,52,0.0,6EQE
V,G,52,0.0,6EQE
V,H,52,0.0,6EQE
V,I,52,0.0,6EQE
V,K,52,0.0,6EQE
V,L,52,0.0,6EQE
V,M,52,0.0,6EQE
V,N,52,0.0,6EQE
V,P,52,0.0,6EQE
V,Q,52,0.0,6EQE
V,R,52,0.0,6EQE
V,S,52,0.0,6EQE
V,T,52,0.0,6EQE
V,W,52,0.0,6EQE
V,Y,52,0.0,6EQE
R,A,53,0.0,6EQE
R,C,53,0.0,6EQE
R,D,53,0.0,6EQE
R,E,53,0.0,6EQE
R,F,53,0.0,6EQE
R,G,53,0.0,6EQE
R,H,53,0.0,6EQE
R,I,53,0.0,6EQE
R,K,53,0.0,6EQE
R,L,53,0.0,6EQE
R,M,53,0.0,6EQE
R,N,53,0.0,6EQE
R,P,53,0.0,6EQE
R,Q,53,0.0,6EQE
R,S,53,0.0,6EQE
R,T,53,0.0,6EQE
R,V,53,0.0,6EQE
R,W,53,0.0,6EQE
R,Y,53,0.0,6EQE
S,A,54,0.0,6EQE
S,C,54,0.0,6EQE
S,D,54,0.0,6EQE
S,E,54,0.0,6EQE
S,F,54,0.0,6EQE
S,G,54,0.0,6EQE
S,H,54,0.0,6EQE
S,I,54,0.0,6EQE
S,K,54,0.0,6EQE
S,L,54,0.0,6EQE
S,M,54,0.0,6EQE
S,N,54,0.0,6EQE
S,P,54,0.0,6EQE
S,Q,54,0.0,6EQE
S,R,54,0.0,6EQE
S,T,54,0.0,6EQE
S,V,54,0.0,6EQE
S,W,54,0.0,6EQE
S,Y,54,0.0,6EQE
F,A,55,0.0,6EQE
F,C,55,0.0,6EQE
F,D,55,0.0,6EQE
F,E,55,0.0,6EQE
F,G,55,0.0,6EQE
F,H,55,0.0,6EQE
F,I,55,0.0,6EQE
F,K,55,0.0,6EQE
F,L,55,0.0,6EQE
F,M,55,0.0,6EQE
F,N,55,0.0,6EQE
F,P,55,0.0,6EQE
F,Q,55,0.0,6EQE
F,R,55,0.0,6EQE
F,S,55,0.0,6EQE
F,T,55,0.0,6EQE
F,V,55,0.0,6EQE
F,W,55,0.0,6EQE
F,Y,55,0.0,6EQE
T,A,56,0.0,6EQE
T,C,56,0.0,6EQE
T,D,56,0.0,6EQE
T,E,56,0.0,6EQE
T,F,56,0.0,6EQE
T,G,56,0.0,6EQE
T,H,56,0.0,6EQE
T,I,56,0.0,6EQE
T,K,56,0.0,6EQE
T,L,56,0.0,6EQE
T,M,56,0.0,6EQE
T,N,56,0.0,6EQE
T,P,56,0.0,6EQE
T,Q,56,0.0,6EQE
T,R,56,0.0,6EQE
T,S,56,0.0,6EQE
T,V,56,0.0,6EQE
T,W,56,0.0,6EQE
T,Y,56,0.0,6EQE
V,A,57,0.0,6EQE
V,C,57,0.0,6EQE
V,D,57,0.0,6EQE
V,E,57,0.0,6EQE
V,F,57,0.0,6EQE
V,G,57,0.0,6EQE
V,H,57,0.0,6EQE
V,I,57,0.0,6EQE
V,K,57,0.0,6EQE
V,L,57,0.0,6EQE
V,M,57,0.0,6EQE
V,N,57,0.0,6EQE
V,P,57,0.0,6EQE
V,Q,57,0.0,6EQE
V,R,57,0.0,6EQE
V,S,57,0.0,6EQE
V,T,57,0.0,6EQE
V,W,57,0.0,6EQE
V,Y,57,0.0,6EQE
S,A,58,0.0,6EQE
S,C,58,0.0,6EQE
S,D,58,0.0,6EQE
S,E,58,0.0,6EQE
S,F,58,0.0,6EQE
S,G,58,0.0,6EQE
S,H,58,0.0,6EQE
S,I,58,0.0,6EQE
S,K,58,0.0,6EQE
S,L,58,0.0,6EQE
S,M,58,0.0,6EQE
S,N,58,0.0,6EQE
S,P,58,0.0,6EQE
S,Q,58,0.0,6EQE
S,R,58,0.0,6EQE
S,T,58,0.0,6EQE
S,V,58,0.0,6EQE
S,W,58,0.0,6EQE
S,Y,58,0.0,6EQE
R,A,59,0.0,6EQE
R,C,59,0.0,6EQE
R,D,59,0.0,6EQE
R,E,59,0.0,6EQE
R,F,59,0.0,6EQE
R,G,59,0.0,6EQE
R,H,59,0.0,6EQE
R,I,59,0.0,6EQE
R,K,59,0.0,6EQE
R,L,59,0.0,6EQE
R,M,59,0.0,6EQE
R,N,59,0.0,6EQE
R,P,59,0.0,6EQE
R,Q,59,0.0,6EQE
R,S,59,0.0,6EQE
R,T,59,0.0,6EQE
R,V,59,0.0,6EQE
R,W,59,0.0,6EQE
R,Y,59,0.0,6EQE
P,A,60,0.0,6EQE
P,C,60,0.0,6EQE
P,D,60,0.0,6EQE
P,E,60,0.0,6EQE
P,F,60,0.0,6EQE
P,G,60,0.0,6EQE
P,H,60,0.0,6EQE
P,I,60,0.0,6EQE
P,K,60,0.0,6EQE
P,L,60,0.0,6EQE
P,M,60,0.0,6EQE
P,N,60,0.0,6EQE
P,Q,60,0.0,6EQE
P,R,60,0.0,6EQE
P,S,60,0.0,6EQE
P,T,60,0.0,6EQE
P,V,60,0.0,6EQE
P,W,60,0.0,6EQE
P,Y,60,0.0,6EQE
S,A,61,0.0,6EQE
S,C,61,0.0,6EQE
S,D,61,0.0,6EQE
S,E,61,0.0,6EQE
S,F,61,0.0,6EQE
S,G,61,0.0,6EQE
S,H,61,0.0,6EQE
S,I,61,0.0,6EQE
S,K,61,0.0,6EQE
S,L,61,0.0,6EQE
S,M,61,0.0,6EQE
S,N,61,0.0,6EQE
S,P,61,0.0,6EQE
S,Q,61,0.0,6EQE
S,R,61,0.0,6EQE
S,T,61,0.0,6EQE
S,V,61,0.0,6EQE
S,W,61,0.0,6EQE
S,Y,61,0.0,6EQE
G,A,62,0.0,6EQE
G,C,62,0.0,6EQE
G,D,62,0.0,6EQE
G,E,62,0.0,6EQE
G,F,62,0.0,6EQE
G,H,62,0.0,6EQE
G,I,62,0.0,6EQE
G,K,62,0.0,6EQE
G,L,62,0.0,6EQE
G,M,62,0.0,6EQE
G,N,62,0.0,6EQE
G,P,62,0.0,6EQE
G,Q,62,0.0,6EQE
G,R,62,0.0,6EQE
G,S,62,0.0,6EQE
G,T,62,0.0,6EQE
G,V,62,0.0,6EQE
G,W,62,0.0,6EQE
G,Y,62,0.0,6EQE
Y,A,63,0.0,6EQE
Y,C,63,0.0,6EQE
Y,D,63,0.0,6EQE
Y,E,63,0.0,6EQE
Y,F,63,0.0,6EQE
Y,G,63,0.0,6EQE
Y,H,63,0.0,6EQE
Y,I,63,0.0,6EQE
Y,K,63,0.0,6EQE
Y,L,63,0.0,6EQE
Y,M,63,0.0,6EQE
Y,N,63,0.0,6EQE
Y,P,63,0.0,6EQE
Y,Q,63,0.0,6EQE
Y,R,63,0.0,6EQE
Y,S,63,0.0,6EQE
Y,T,63,0.0,6EQE
Y,V,63,0.0,6EQE
Y,W,63,0.0,6EQE
G,A,64,0.0,6EQE
G,C,64,0.0,6EQE
G,D,64,0.0,6EQE
G,E,64,0.0,6EQE
G,F,64,0.0,6EQE
G,H,64,0.0,6EQE
G,I,64,0.0,6EQE
G,K,64,0.0,6EQE
G,L,64,0.0,6EQE
G,M,64,0.0,6EQE
G,N,64,0.0,6EQE
G,P,64,0.0,6EQE
G,Q,64,0.0,6EQE
G,R,64,0.0,6EQE
G,S,64,0.0,6EQE
G,T,64,0.0,6EQE
G,V,64,0.0,6EQE
G,W,64,0.0,6EQE
G,Y,64,0.0,6EQE
A,C,65,0.0,6EQE
A,D,65,0.0,6EQE
A,E,65,0.0,6EQE
A,F,65,0.0,6EQE
A,G,65,0.0,6EQE
A,H,65,0.0,6EQE
A,I,65,0.0,6EQE
A,K,65,0.0,6EQE
A,L,65,0.0,6EQE
A,M,65,0.0,6EQE
A,N,65,0.0,6EQE
A,P,65,0.0,6EQE
A,Q,65,0.0,6EQE
A,R,65,0.0,6EQE
A,S,65,0.0,6EQE
A,T,65,0.0,6EQE
A,V,65,0.0,6EQE
A,W,65,0.0,6EQE
A,Y,65,0.0,6EQE
G,A,66,0.0,6EQE
G,C,66,0.0,6EQE
G,D,66,0.0,6EQE
G,E,66,0.0,6EQE
G,F,66,0.0,6EQE
G,H,66,0.0,6EQE
G,I,66,0.0,6EQE
G,K,66,0.0,6EQE
G,L,66,0.0,6EQE
G,M,66,0.0,6EQE
G,N,66,0.0,6EQE
G,P,66,0.0,6EQE
G,Q,66,0.0,6EQE
G,R,66,0.0,6EQE
G,S,66,0.0,6EQE
G,T,66,0.0,6EQE
G,V,66,0.0,6EQE
G,W,66,0.0,6EQE
G,Y,66,0.0,6EQE
T,A,67,0.0,6EQE
T,C,67,0.0,6EQE
T,D,67,0.0,6EQE
T,E,67,0.0,6EQE
T,F,67,0.0,6EQE
T,G,67,0.0,6EQE
T,H,67,0.0,6EQE
T,I,67,0.0,6EQE
T,K,67,0.0,6EQE
T,L,67,0.0,6EQE
T,M,67,0.0,6EQE
T,N,67,0.0,6EQE
T,P,67,0.0,6EQE
T,Q,67,0.0,6EQE
T,R,67,0.0,6EQE
T,S,67,0.0,6EQE
T,V,67,0.0,6EQE
T,W,67,0.0,6EQE
T,Y,67,0.0,6EQE
V,A,68,0.0,6EQE
V,C,68,0.0,6EQE
V,D,68,0.0,6EQE
V,E,68,0.0,6EQE
V,F,68,0.0,6EQE
V,G,68,0.0,6EQE
V,H,68,0.0,6EQE
V,I,68,0.0,6EQE
V,K,68,0.0,6EQE
V,L,68,0.0,6EQE
V,M,68,0.0,6EQE
V,N,68,0.0,6EQE
V,P,68,0.0,6EQE
V,Q,68,0.0,6EQE
V,R,68,0.0,6EQE
V,S,68,0.0,6EQE
V,T,68,0.0,6EQE
V,W,68,0.0,6EQE
V,Y,68,0.0,6EQE
Y,A,69,0.0,6EQE
Y,C,69,0.0,6EQE
Y,D,69,0.0,6EQE
Y,E,69,0.0,6EQE
Y,F,69,0.0,6EQE
Y,G,69,0.0,6EQE
Y,H,69,0.0,6EQE
Y,I,69,0.0,6EQE
Y,K,69,0.0,6EQE
Y,L,69,0.0,6EQE
Y,M,69,0.0,6EQE
Y,N,69,0.0,6EQE
Y,P,69,0.0,6EQE
Y,Q,69,0.0,6EQE
Y,R,69,0.0,6EQE
Y,S,69,0.0,6EQE
Y,T,69,0.0,6EQE
Y,V,69,0.0,6EQE
Y,W,69,0.0,6EQE
Y,A,70,0.0,6EQE
Y,C,70,0.0,6EQE
Y,D,70,0.0,6EQE
Y,E,70,0.0,6EQE
Y,F,70,0.0,6EQE
Y,G,70,0.0,6EQE
Y,H,70,0.0,6EQE
Y,I,70,0.0,6EQE
Y,K,70,0.0,6EQE
Y,L,70,0.0,6EQE
Y,M,70,0.0,6EQE
Y,N,70,0.0,6EQE
Y,P,70,0.0,6EQE
Y,Q,70,0.0,6EQE
Y,R,70,0.0,6EQE
Y,S,70,0.0,6EQE
Y,T,70,0.0,6EQE
Y,V,70,0.0,6EQE
Y,W,70,0.0,6EQE
P,A,71,0.0,6EQE
P,C,71,0.0,6EQE
P,D,71,0.0,6EQE
P,E,71,0.0,6EQE
P,F,71,0.0,6EQE
P,G,71,0.0,6EQE
P,H,71,0.0,6EQE
P,I,71,0.0,6EQE
P,K,71,0.0,6EQE
P,L,71,0.0,6EQE
P,M,71,0.0,6EQE
P,N,71,0.0,6EQE
P,Q,71,0.0,6EQE
P,R,71,0.0,6EQE
P,S,71,0.0,6EQE
P,T,71,0.0,6EQE
P,V,71,0.0,6EQE
P,W,71,0.0,6EQE
P,Y,71,0.0,6EQE
T,A,72,0.0,6EQE
T,C,72,0.0,6EQE
T,D,72,0.0,6EQE
T,E,72,0.0,6EQE
T,F,72,0.0,6EQE
T,G,72,0.0,6EQE
T,H,72,0.0,6EQE
T,I,72,0.0,6EQE
T,K,72,0.0,6EQE
T,L,72,0.0,6EQE
T,M,72,0.0,6EQE
T,N,72,0.0,6EQE
T,P,72,0.0,6EQE
T,Q,72,0.0,6EQE
T,R,72,0.0,6EQE
T,S,72,0.0,6EQE
T,V,72,0.0,6EQE
T,W,72,0.0,6EQE
T,Y,72,0.0,6EQE
N,A,73,0.0,6EQE
N,C,73,0.0,6EQE
N,D,73,0.0,6EQE
N,E,73,0.0,6EQE
N,F,73,0.0,6EQE
N,G,73,0.0,6EQE
N,H,73,0.0,6EQE
N,I,73,0.0,6EQE
N,K,73,0.0,6EQE
N,L,73,0.0,6EQE
N,M,73,0.0,6EQE
N,P,73,0.0,6EQE
N,Q,73,0.0,6EQE
N,R,73,0.0,6EQE
N,S,73,0.0,6EQE
N,T,73,0.0,6EQE
N,V,73,0.0,6EQE
N,W,73,0.0,6EQE
N,Y,73,0.0,6EQE
A,C,74,0.0,6EQE
A,D,74,0.0,6EQE
A,E,74,0.0,6EQE
A,F,74,0.0,6EQE
A,G,74,0.0,6EQE
A,H,74,0.0,6EQE
A,I,74,0.0,6EQE
A,K,74,0.0,6EQE
A,L,74,0.0,6EQE
A,M,74,0.0,6EQE
A,N,74,0.0,6EQE
A,P,74,0.0,6EQE
A,Q,74,0.0,6EQE
A,R,74,0.0,6EQE
A,S,74,0.0,6EQE
A,T,74,0.0,6EQE
A,V,74,0.0,6EQE
A,W,74,0.0,6EQE
A,Y,74,0.0,6EQE
G,A,75,0.0,6EQE
G,C,75,0.0,6EQE
G,D,75,0.0,6EQE
G,E,75,0.0,6EQE
G,F,75,0.0,6EQE
G,H,75,0.0,6EQE
G,I,75,0.0,6EQE
G,K,75,0.0,6EQE
G,L,75,0.0,6EQE
G,M,75,0.0,6EQE
G,N,75,0.0,6EQE
G,P,75,0.0,6EQE
G,Q,75,0.0,6EQE
G,R,75,0.0,6EQE
G,S,75,0.0,6EQE
G,T,75,0.0,6EQE
G,V,75,0.0,6EQE
G,W,75,0.0,6EQE
G,Y,75,0.0,6EQE
G,A,76,0.0,6EQE
G,C,76,0.0,6EQE
G,D,76,0.0,6EQE
G,E,76,0.0,6EQE
G,F,76,0.0,6EQE
G,H,76,0.0,6EQE
G,I,76,0.0,6EQE
G,K,76,0.0,6EQE
G,L,76,0.0,6EQE
G,M,76,0.0,6EQE
G,N,76,0.0,6EQE
G,P,76,0.0,6EQE
G,Q,76,0.0,6EQE
G,R,76,0.0,6EQE
G,S,76,0.0,6EQE
G,T,76,0.0,6EQE
G,V,76,0.0,6EQE
G,W,76,0.0,6EQE
G,Y,76,0.0,6EQE
T,A,77,0.0,6EQE
T,C,77,0.0,6EQE
T,D,77,0.0,6EQE
T,E,77,0.0,6EQE
T,F,77,0.0,6EQE
T,G,77,0.0,6EQE
T,H,77,0.0,6EQE
T,I,77,0.0,6EQE
T,K,77,0.0,6EQE
T,L,77,0.0,6EQE
T,M,77,0.0,6EQE
T,N,77,0.0,6EQE
T,P,77,0.0,6EQE
T,Q,77,0.0,6EQE
T,R,77,0.0,6EQE
T,S,77,0.0,6EQE
T,V,77,0.0,6EQE
T,W,77,0.0,6EQE
T,Y,77,0.0,6EQE
V,A,78,0.0,6EQE
V,C,78,0.0,6EQE
V,D,78,0.0,6EQE
V,E,78,0.0,6EQE
V,F,78,0.0,6EQE
V,G,78,0.0,6EQE
V,H,78,0.0,6EQE
V,I,78,0.0,6EQE
V,K,78,0.0,6EQE
V,L,78,0.0,6EQE
V,M,78,0.0,6EQE
V,N,78,0.0,6EQE
V,P,78,0.0,6EQE
V,Q,78,0.0,6EQE
V,R,78,0.0,6EQE
V,S,78,0.0,6EQE
V,T,78,0.0,6EQE
V,W,78,0.0,6EQE
V,Y,78,0.0,6EQE
G,A,79,0.0,6EQE
G,C,79,0.0,6EQE
G,D,79,0.0,6EQE
G,E,79,0.0,6EQE
G,F,79,0.0,6EQE
G,H,79,0.0,6EQE
G,I,79,0.0,6EQE
G,K,79,0.0,6EQE
G,L,79,0.0,6EQE
G,M,79,0.0,6EQE
G,N,79,0.0,6EQE
G,P,79,0.0,6EQE
G,Q,79,0.0,6EQE
G,R,79,0.0,6EQE
G,S,79,0.0,6EQE
G,T,79,0.0,6EQE
G,V,79,0.0,6EQE
G,W,79,0.0,6EQE
G,Y,79,0.0,6EQE
A,C,80,0.0,6EQE
A,D,80,0.0,6EQE
A,E,80,0.0,6EQE
A,F,80,0.0,6EQE
A,G,80,0.0,6EQE
A,H,80,0.0,6EQE
A,I,80,0.0,6EQE
A,K,80,0.0,6EQE
A,L,80,0.0,6EQE
A,M,80,0.0,6EQE
A,N,80,0.0,6EQE
A,P,80,0.0,6EQE
A,Q,80,0.0,6EQE
A,R,80,0.0,6EQE
A,S,80,0.0,6EQE
A,T,80,0.0,6EQE
A,V,80,0.0,6EQE
A,W,80,0.0,6EQE
A,Y,80,0.0,6EQE
I,A,81,0.0,6EQE
I,C,81,0.0,6EQE
I,D,81,0.0,6EQE
I,E,81,0.0,6EQE
I,F,81,0.0,6EQE
I,G,81,0.0,6EQE
I,H,81,0.0,6EQE
I,K,81,0.0,6EQE
I,L,81,0.0,6EQE
I,M,81,0.0,6EQE
I,N,81,0.0,6EQE
I,P,81,0.0,6EQE
I,Q,81,0.0,6EQE
I,R,81,0.0,6EQE
I,S,81,0.0,6EQE
I,T,81,0.0,6EQE
I,V,81,0.0,6EQE
I,W,81,0.0,6EQE
I,Y,81,0.0,6EQE
A,C,82,0.0,6EQE
A,D,82,0.0,6EQE
A,E,82,0.0,6EQE
A,F,82,0.0,6EQE
A,G,82,0.0,6EQE
A,H,82,0.0,6EQE
A,I,82,0.0,6EQE
A,K,82,0.0,6EQE
A,L,82,0.0,6EQE
A,M,82,0.0,6EQE
A,N,82,0.0,6EQE
A,P,82,0.0,6EQE
A,Q,82,0.0,6EQE
A,R,82,0.0,6EQE
A,S,82,0.0,6EQE
A,T,82,0.0,6EQE
A,V,82,0.0,6EQE
A,W,82,0.0,6EQE
A,Y,82,0.0,6EQE
I,A,83,0.0,6EQE
I,C,83,0.0,6EQE
I,D,83,0.0,6EQE
I,E,83,0.0,6EQE
I,F,83,0.0,6EQE
I,G,83,0.0,6EQE
I,H,83,0.0,6EQE
I,K,83,0.0,6EQE
I,L,83,0.0,6EQE
I,M,83,0.0,6EQE
I,N,83,0.0,6EQE
I,P,83,0.0,6EQE
I,Q,83,0.0,6EQE
I,R,83,0.0,6EQE
I,S,83,0.0,6EQE
I,T,83,0.0,6EQE
I,V,83,0.0,6EQE
I,W,83,0.0,6EQE
I,Y,83,0.0,6EQE
V,A,84,0.0,6EQE
V,C,84,0.0,6EQE
V,D,84,0.0,6EQE
V,E,84,0.0,6EQE
V,F,84,0.0,6EQE
V,G,84,0.0,6EQE
V,H,84,0.0,6EQE
V,I,84,0.0,6EQE
V,K,84,0.0,6EQE
V,L,84,0.0,6EQE
V,M,84,0.0,6EQE
V,N,84,0.0,6EQE
V,P,84,0.0,6EQE
V,Q,84,0.0,6EQE
V,R,84,0.0,6EQE
V,S,84,0.0,6EQE
V,T,84,0.0,6EQE
V,W,84,0.0,6EQE
V,Y,84,0.0,6EQE
P,A,85,0.0,6EQE
P,C,85,0.0,6EQE
P,D,85,0.0,6EQE
P,E,85,0.0,6EQE
P,F,85,0.0,6EQE
P,G,85,0.0,6EQE
P,H,85,0.0,6EQE
P,I,85,0.0,6EQE
P,K,85,0.0,6EQE
P,L,85,0.0,6EQE
P,M,85,0.0,6EQE
P,N,85,0.0,6EQE
P,Q,85,0.0,6EQE
P,R,85,0.0,6EQE
P,S,85,0.0,6EQE
P,T,85,0.0,6EQE
P,V,85,0.0,6EQE
P,W,85,0.0,6EQE
P,Y,85,0.0,6EQE
G,A,86,0.0,6EQE
G,C,86,0.0,6EQE
G,D,86,0.0,6EQE
G,E,86,0.0,6EQE
G,F,86,0.0,6EQE
G,H,86,0.0,6EQE
G,I,86,0.0,6EQE
G,K,86,0.0,6EQE
G,L,86,0.0,6EQE
G,M,86,0.0,6EQE
G,N,86,0.0,6EQE
G,P,86,0.0,6EQE
G,Q,86,0.0,6EQE
G,R,86,0.0,6EQE
G,S,86,0.0,6EQE
G,T,86,0.0,6EQE
G,V,86,0.0,6EQE
G,W,86,0.0,6EQE
G,Y,86,0.0,6EQE
Y,A,87,0.0,6EQE
Y,C,87,0.0,6EQE
Y,D,87,0.0,6EQE
Y,E,87,0.0,6EQE
Y,F,87,0.0,6EQE
Y,G,87,0.0,6EQE
Y,H,87,0.0,6EQE
Y,I,87,0.0,6EQE
Y,K,87,0.0,6EQE
Y,L,87,0.0,6EQE
Y,M,87,0.0,6EQE
Y,N,87,0.0,6EQE
Y,P,87,0.0,6EQE
Y,Q,87,0.0,6EQE
Y,R,87,0.0,6EQE
Y,S,87,0.0,6EQE
Y,T,87,0.0,6EQE
Y,V,87,0.0,6EQE
Y,W,87,0.0,6EQE
T,A,88,0.0,6EQE
T,C,88,0.0,6EQE
T,D,88,0.0,6EQE
T,E,88,0.0,6EQE
T,F,88,0.0,6EQE
T,G,88,0.0,6EQE
T,H,88,0.0,6EQE
T,I,88,0.0,6EQE
T,K,88,0.0,6EQE
T,L,88,0.0,6EQE
T,M,88,0.0,6EQE
T,N,88,0.0,6EQE
T,P,88,0.0,6EQE
T,Q,88,0.0,6EQE
T,R,88,0.0,6EQE
T,S,88,0.0,6EQE
T,V,88,0.0,6EQE
T,W,88,0.0,6EQE
T,Y,88,0.0,6EQE
A,C,89,0.0,6EQE
A,D,89,0.0,6EQE
A,E,89,0.0,6EQE
A,F,89,0.0,6EQE
A,G,89,0.0,6EQE
A,H,89,0.0,6EQE
A,I,89,0.0,6EQE
A,K,89,0.0,6EQE
A,L,89,0.0,6EQE
A,M,89,0.0,6EQE
A,N,89,0.0,6EQE
A,P,89,0.0,6EQE
A,Q,89,0.0,6EQE
A,R,89,0.0,6EQE
A,S,89,0.0,6EQE
A,T,89,0.0,6EQE
A,V,89,0.0,6EQE
A,W,89,0.0,6EQE
A,Y,89,0.0,6EQE
R,A,90,0.0,6EQE
R,C,90,0.0,6EQE
R,D,90,0.0,6EQE
R,E,90,0.0,6EQE
R,F,90,0.0,6EQE
R,G,90,0.0,6EQE
R,H,90,0.0,6EQE
R,I,90,0.0,6EQE
R,K,90,0.0,6EQE
R,L,90,0.0,6EQE
R,M,90,0.0,6EQE
R,N,90,0.0,6EQE
R,P,90,0.0,6EQE
R,Q,90,0.0,6EQE
R,S,90,0.0,6EQE
R,T,90,0.0,6EQE
R,V,90,0.0,6EQE
R,W,90,0.0,6EQE
R,Y,90,0.0,6EQE
Q,A,91,0.0,6EQE
Q,C,91,0.0,6EQE
Q,D,91,0.0,6EQE
Q,E,91,0.0,6EQE
Q,F,91,0.0,6EQE
Q,G,91,0.0,6EQE
Q,H,91,0.0,6EQE
Q,I,91,0.0,6EQE
Q,K,91,0.0,6EQE
Q,L,91,0.0,6EQE
Q,M,91,0.0,6EQE
Q,N,91,0.0,6EQE
Q,P,91,0.0,6EQE
Q,R,91,0.0,6EQE
Q,S,91,0.0,6EQE
Q,T,91,0.0,6EQE
Q,V,91,0.0,6EQE
Q,W,91,0.0,6EQE
Q,Y,91,0.0,6EQE
S,A,92,0.0,6EQE
S,C,92,0.0,6EQE
S,D,92,0.0,6EQE
S,E,92,0.0,6EQE
S,F,92,0.0,6EQE
S,G,92,0.0,6EQE
S,H,92,0.0,6EQE
S,I,92,0.0,6EQE
S,K,92,0.0,6EQE
S,L,92,0.0,6EQE
S,M,92,0.0,6EQE
S,N,92,0.0,6EQE
S,P,92,0.0,6EQE
S,Q,92,0.0,6EQE
S,R,92,0.0,6EQE
S,T,92,0.0,6EQE
S,V,92,0.0,6EQE
S,W,92,0.0,6EQE
S,Y,92,0.0,6EQE
S,A,93,0.0,6EQE
S,C,93,0.0,6EQE
S,D,93,0.0,6EQE
S,E,93,0.0,6EQE
S,F,93,0.0,6EQE
S,G,93,0.0,6EQE
S,H,93,0.0,6EQE
S,I,93,0.0,6EQE
S,K,93,0.0,6EQE
S,L,93,0.0,6EQE
S,M,93,0.0,6EQE
S,N,93,0.0,6EQE
S,P,93,0.0,6EQE
S,Q,93,0.0,6EQE
S,R,93,0.0,6EQE
S,T,93,0.0,6EQE
S,V,93,0.0,6EQE
S,W,93,0.0,6EQE
S,Y,93,0.0,6EQE
I,A,94,0.0,6EQE
I,C,94,0.0,6EQE
I,D,94,0.0,6EQE
I,E,94,0.0,6EQE
I,F,94,0.0,6EQE
I,G,94,0.0,6EQE
I,H,94,0.0,6EQE
I,K,94,0.0,6EQE
I,L,94,0.0,6EQE
I,M,94,0.0,6EQE
I,N,94,0.0,6EQE
I,P,94,0.0,6EQE
I,Q,94,0.0,6EQE
I,R,94,0.0,6EQE
I,S,94,0.0,6EQE
I,T,94,0.0,6EQE
I,V,94,0.0,6EQE
I,W,94,0.0,6EQE
I,Y,94,0.0,6EQE
K,A,95,0.0,6EQE
K,C,95,0.0,6EQE
K,D,95,0.0,6EQE
K,E,95,0.0,6EQE
K,F,95,0.0,6EQE
K,G,95,0.0,6EQE
K,H,95,0.0,6EQE
K,I,95,0.0,6EQE
K,L,95,0.0,6EQE
K,M,95,0.0,6EQE
K,N,95,0.0,6EQE
K,P,95,0.0,6EQE
K,Q,95,0.0,6EQE
K,R,95,0.0,6EQE
K,S,95,0.0,6EQE
K,T,95,0.0,6EQE
K,V,95,0.0,6EQE
K,W,95,0.0,6EQE
K,Y,95,0.0,6EQE
W,A,96,0.0,6EQE
W,C,96,0.0,6EQE
W,D,96,0.0,6EQE
W,E,96,0.0,6EQE
W,F,96,0.0,6EQE
W,G,96,0.0,6EQE
W,H,96,0.0,6EQE
W,I,96,0.0,6EQE
W,K,96,0.0,6EQE
W,L,96,0.0,6EQE
W,M,96,0.0,6EQE
W,N,96,0.0,6EQE
W,P,96,0.0,6EQE
W,Q,96,0.0,6EQE
W,R,96,0.0,6EQE
W,S,96,0.0,6EQE
W,T,96,0.0,6EQE
W,V,96,0.0,6EQE
W,Y,96,0.0,6EQE
W,A,97,0.0,6EQE
W,C,97,0.0,6EQE
W,D,97,0.0,6EQE
W,E,97,0.0,6EQE
W,F,97,0.0,6EQE
W,G,97,0.0,6EQE
W,H,97,0.0,6EQE
W,I,97,0.0,6EQE
W,K,97,0.0,6EQE
W,L,97,0.0,6EQE
W,M,97,0.0,6EQE
W,N,97,0.0,6EQE
W,P,97,0.0,6EQE
W,Q,97,0.0,6EQE
W,R,97,0.0,6EQE
W,S,97,0.0,6EQE
W,T,97,0.0,6EQE
W,V,97,0.0,6EQE
W,Y,97,0.0,6EQE
G,A,98,0.0,6EQE
G,C,98,0.0,6EQE
G,D,98,0.0,6EQE
G,E,98,0.0,6EQE
G,F,98,0.0,6EQE
G,H,98,0.0,6EQE
G,I,98,0.0,6EQE
G,K,98,0.0,6EQE
G,L,98,0.0,6EQE
G,M,98,0.0,6EQE
G,N,98,0.0,6EQE
G,P,98,0.0,6EQE
G,Q,98,0.0,6EQE
G,R,98,0.0,6EQE
G,S,98,0.0,6EQE
G,T,98,0.0,6EQE
G,V,98,0.0,6EQE
G,W,98,0.0,6EQE
G,Y,98,0.0,6EQE
P,A,99,0.0,6EQE
P,C,99,0.0,6EQE
P,D,99,0.0,6EQE
P,E,99,0.0,6EQE
P,F,99,0.0,6EQE
P,G,99,0.0,6EQE
P,H,99,0.0,6EQE
P,I,99,0.0,6EQE
P,K,99,0.0,6EQE
P,L,99,0.0,6EQE
P,M,99,0.0,6EQE
P,N,99,0.0,6EQE
P,Q,99,0.0,6EQE
P,R,99,0.0,6EQE
P,S,99,0.0,6EQE
P,T,99,0.0,6EQE
P,V,99,0.0,6EQE
P,W,99,0.0,6EQE
P,Y,99,0.0,6EQE
R,A,100,0.0,6EQE
R,C,100,0.0,6EQE
R,D,100,0.0,6EQE
R,E,100,0.0,6EQE
R,F,100,0.0,6EQE
R,G,100,0.0,6EQE
R,H,100,0.0,6EQE
R,I,100,0.0,6EQE
R,K,100,0.0,6EQE
R,L,100,0.0,6EQE
R,M,100,0.0,6EQE
R,N,100,0.0,6EQE
R,P,100,0.0,6EQE
R,Q,100,0.0,6EQE
R,S,100,0.0,6EQE
R,T,100,0.0,6EQE
R,V,100,0.0,6EQE
R,W,100,0.0,6EQE
R,Y,100,0.0,6EQE
L,A,101,0.0,6EQE
L,C,101,0.0,6EQE
L,D,101,0.0,6EQE
L,E,101,0.0,6EQE
L,F,101,0.0,6EQE
L,G,101,0.0,6EQE
L,H,101,0.0,6EQE
L,I,101,0.0,6EQE
L,K,101,0.0,6EQE
L,M,101,0.0,6EQE
L,N,101,0.0,6EQE
L,P,101,0.0,6EQE
L,Q,101,0.0,6EQE
L,R,101,0.0,6EQE
L,S,101,0.0,6EQE
L,T,101,0.0,6EQE
L,V,101,0.0,6EQE
L,W,101,0.0,6EQE
L,Y,101,0.0,6EQE
A,C,102,0.0,6EQE
A,D,102,0.0,6EQE
A,E,102,0.0,6EQE
A,F,102,0.0,6EQE
A,G,102,0.0,6EQE
A,H,102,0.0,6EQE
A,I,102,0.0,6EQE
A,K,102,0.0,6EQE
A,L,102,0.0,6EQE
A,M,102,0.0,6EQE
A,N,102,0.0,6EQE
A,P,102,0.0,6EQE
A,Q,102,0.0,6EQE
A,R,102,0.0,6EQE
A,S,102,0.0,6EQE
A,T,102,0.0,6EQE
A,V,102,0.0,6EQE
A,W,102,0.0,6EQE
A,Y,102,0.0,6EQE
S,A,103,0.0,6EQE
S,C,103,0.0,6EQE
S,D,103,0.0,6EQE
S,E,103,0.0,6EQE
S,F,103,0.0,6EQE
S,G,103,0.0,6EQE
S,H,103,0.0,6EQE
S,I,103,0.0,6EQE
S,K,103,0.0,6EQE
S,L,103,0.0,6EQE
S,M,103,0.0,6EQE
S,N,103,0.0,6EQE
S,P,103,0.0,6EQE
S,Q,103,0.0,6EQE
S,R,103,0.0,6EQE
S,T,103,0.0,6EQE
S,V,103,0.0,6EQE
S,W,103,0.0,6EQE
S,Y,103,0.0,6EQE
H,A,104,0.0,6EQE
H,C,104,0.0,6EQE
H,D,104,0.0,6EQE
H,E,104,0.0,6EQE
H,F,104,0.0,6EQE
H,G,104,0.0,6EQE
H,I,104,0.0,6EQE
H,K,104,0.0,6EQE
H,L,104,0.0,6EQE
H,M,104,0.0,6EQE
H,N,104,0.0,6EQE
H,P,104,0.0,6EQE
H,Q,104,0.0,6EQE
H,R,104,0.0,6EQE
H,S,104,0.0,6EQE
H,T,104,0.0,6EQE
H,V,104,0.0,6EQE
H,W,104,0.0,6EQE
H,Y,104,0.0,6EQE
G,A,105,0.0,6EQE
G,C,105,0.0,6EQE
G,D,105,0.0,6EQE
G,E,105,0.0,6EQE
G,F,105,0.0,6EQE
G,H,105,0.0,6EQE
G,I,105,0.0,6EQE
G,K,105,0.0,6EQE
G,L,105,0.0,6EQE
G,M,105,0.0,6EQE
G,N,105,0.0,6EQE
G,P,105,0.0,6EQE
G,Q,105,0.0,6EQE
G,R,105,0.0,6EQE
G,S,105,0.0,6EQE
G,T,105,0.0,6EQE
G,V,105,0.0,6EQE
G,W,105,0.0,6EQE
G,Y,105,0.0,6EQE
F,A,106,0.0,6EQE
F,C,106,0.0,6EQE
F,D,106,0.0,6EQE
F,E,106,0.0,6EQE
F,G,106,0.0,6EQE
F,H,106,0.0,6EQE
F,I,106,0.0,6EQE
F,K,106,0.0,6EQE
F,L,106,0.0,6EQE
F,M,106,0.0,6EQE
F,N,106,0.0,6EQE
F,P,106,0.0,6EQE
F,Q,106,0.0,6EQE
F,R,106,0.0,6EQE
F,S,106,0.0,6EQE
F,T,106,0.0,6EQE
F,V,106,0.0,6EQE
F,W,106,0.0,6EQE
F,Y,106,0.0,6EQE
V,A,107,0.0,6EQE
V,C,107,0.0,6EQE
V,D,107,0.0,6EQE
V,E,107,0.0,6EQE
V,F,107,0.0,6EQE
V,G,107,0.0,6EQE
V,H,107,0.0,6EQE
V,I,107,0.0,6EQE
V,K,107,0.0,6EQE
V,L,107,0.0,6EQE
V,M,107,0.0,6EQE
V,N,107,0.0,6EQE
V,P,107,0.0,6EQE
V,Q,107,0.0,6EQE
V,R,107,0.0,6EQE
V,S,107,0.0,6EQE
V,T,107,0.0,6EQE
V,W,107,0.0,6EQE
V,Y,107,0.0,6EQE
V,A,108,0.0,6EQE
V,C,108,0.0,6EQE
V,D,108,0.0,6EQE
V,E,108,0.0,6EQE
V,F,108,0.0,6EQE
V,G,108,0.0,6EQE
V,H,108,0.0,6EQE
V,I,108,0.0,6EQE
V,K,108,0.0,6EQE
V,L,108,0.0,6EQE
V,M,108,0.0,6EQE
V,N,108,0.0,6EQE
V,P,108,0.0,6EQE
V,Q,108,0.0,6EQE
V,R,108,0.0,6EQE
V,S,108,0.0,6EQE
V,T,108,0.0,6EQE
V,W,108,0.0,6EQE
V,Y,108,0.0,6EQE
I,A,109,0.0,6EQE
I,C,109,0.0,6EQE
I,D,109,0.0,6EQE
I,E,109,0.0,6EQE
I,F,109,0.0,6EQE
I,G,109,0.0,6EQE
I,H,109,0.0,6EQE
I,K,109,0.0,6EQE
I,L,109,0.0,6EQE
I,M,109,0.0,6EQE
I,N,109,0.0,6EQE
I,P,109,0.0,6EQE
I,Q,109,0.0,6EQE
I,R,109,0.0,6EQE
I,S,109,0.0,6EQE
I,T,109,0.0,6EQE
I,V,109,0.0,6EQE
I,W,109,0.0,6EQE
I,Y,109,0.0,6EQE
T,A,110,0.0,6EQE
T,C,110,0.0,6EQE
T,D,110,0.0,6EQE
T,E,110,0.0,6EQE
T,F,110,0.0,6EQE
T,G,110,0.0,6EQE
T,H,110,0.0,6EQE
T,I,110,0.0,6EQE
T,K,110,0.0,6EQE
T,L,110,0.0,6EQE
T,M,110,0.0,6EQE
T,N,110,0.0,6EQE
T,P,110,0.0,6EQE
T,Q,110,0.0,6EQE
T,R,110,0.0,6EQE
T,S,110,0.0,6EQE
T,V,110,0.0,6EQE
T,W,110,0.0,6EQE
T,Y,110,0.0,6EQE
I,A,111,0.0,6EQE
I,C,111,0.0,6EQE
I,D,111,0.0,6EQE
I,E,111,0.0,6EQE
I,F,111,0.0,6EQE
I,G,111,0.0,6EQE
I,H,111,0.0,6EQE
I,K,111,0.0,6EQE
I,L,111,0.0,6EQE
I,M,111,0.0,6EQE
I,N,111,0.0,6EQE
I,P,111,0.0,6EQE
I,Q,111,0.0,6EQE
I,R,111,0.0,6EQE
I,S,111,0.0,6EQE
I,T,111,0.0,6EQE
I,V,111,0.0,6EQE
I,W,111,0.0,6EQE
I,Y,111,0.0,6EQE
D,A,112,0.0,6EQE
D,C,112,0.0,6EQE
D,E,112,0.0,6EQE
D,F,112,0.0,6EQE
D,G,112,0.0,6EQE
D,H,112,0.0,6EQE
D,I,112,0.0,6EQE
D,K,112,0.0,6EQE
D,L,112,0.0,6EQE
D,M,112,0.0,6EQE
D,N,112,0.0,6EQE
D,P,112,0.0,6EQE
D,Q,112,0.0,6EQE
D,R,112,0.0,6EQE
D,S,112,0.0,6EQE
D,T,112,0.0,6EQE
D,V,112,0.0,6EQE
D,W,112,0.0,6EQE
D,Y,112,0.0,6EQE
T,A,113,0.0,6EQE
T,C,113,0.0,6EQE
T,D,113,0.0,6EQE
T,E,113,0.0,6EQE
T,F,113,0.0,6EQE
T,G,113,0.0,6EQE
T,H,113,0.0,6EQE
T,I,113,0.0,6EQE
T,K,113,0.0,6EQE
T,L,113,0.0,6EQE
T,M,113,0.0,6EQE
T,N,113,0.0,6EQE
T,P,113,0.0,6EQE
T,Q,113,0.0,6EQE
T,R,113,0.0,6EQE
T,S,113,0.0,6EQE
T,V,113,0.0,6EQE
T,W,113,0.0,6EQE
T,Y,113,0.0,6EQE
N,A,114,0.0,6EQE
N,C,114,0.0,6EQE
N,D,114,0.0,6EQE
N,E,114,0.0,6EQE
N,F,114,0.0,6EQE
N,G,114,0.0,6EQE
N,H,114,0.0,6EQE
N,I,114,0.0,6EQE
N,K,114,0.0,6EQE
N,L,114,0.0,6EQE
N,M,114,0.0,6EQE
N,P,114,0.0,6EQE
N,Q,114,0.0,6EQE
N,R,114,0.0,6EQE
N,S,114,0.0,6EQE
N,T,114,0.0,6EQE
N,V,114,0.0,6EQE
N,W,114,0.0,6EQE
N,Y,114,0.0,6EQE
S,A,115,0.0,6EQE
S,C,115,0.0,6EQE
S,D,115,0.0,6EQE
S,E,115,0.0,6EQE
S,F,115,0.0,6EQE
S,G,115,0.0,6EQE
S,H,115,0.0,6EQE
S,I,115,0.0,6EQE
S,K,115,0.0,6EQE
S,L,115,0.0,6EQE
S,M,115,0.0,6EQE
S,N,115,0.0,6EQE
S,P,115,0.0,6EQE
S,Q,115,0.0,6EQE
S,R,115,0.0,6EQE
S,T,115,0.0,6EQE
S,V,115,0.0,6EQE
S,W,115,0.0,6EQE
S,Y,115,0.0,6EQE
T,A,116,0.0,6EQE
T,C,116,0.0,6EQE
T,D,116,0.0,6EQE
T,E,116,0.0,6EQE
T,F,116,0.0,6EQE
T,G,116,0.0,6EQE
T,H,116,0.0,6EQE
T,I,116,0.0,6EQE
T,K,116,0.0,6EQE
T,L,116,0.0,6EQE
T,M,116,0.0,6EQE
T,N,116,0.0,6EQE
T,P,116,0.0,6EQE
T,Q,116,0.0,6EQE
T,R,116,0.0,6EQE
T,S,116,0.0,6EQE
T,V,116,0.0,6EQE
T,W,116,0.0,6EQE
T,Y,116,0.0,6EQE
L,A,117,0.0,6EQE
L,C,117,0.0,6EQE
L,D,117,0.0,6EQE
L,E,117,0.0,6EQE
L,F,117,0.0,6EQE
L,G,117,0.0,6EQE
L,H,117,0.0,6EQE
L,I,117,0.0,6EQE
L,K,117,0.0,6EQE
L,M,117,0.0,6EQE
L,N,117,0.0,6EQE
L,P,117,0.0,6EQE
L,Q,117,0.0,6EQE
L,R,117,0.0,6EQE
L,S,117,0.0,6EQE
L,T,117,0.0,6EQE
L,V,117,0.0,6EQE
L,W,117,0.0,6EQE
L,Y,117,0.0,6EQE
D,A,118,0.0,6EQE
D,C,118,0.0,6EQE
D,E,118,0.0,6EQE
D,F,118,0.0,6EQE
D,G,118,0.0,6EQE
D,H,118,0.0,6EQE
D,I,118,0.0,6EQE
D,K,118,0.0,6EQE
D,L,118,0.0,6EQE
D,M,118,0.0,6EQE
D,N,118,0.0,6EQE
D,P,118,0.0,6EQE
D,Q,118,0.0,6EQE
D,R,118,0.0,6EQE
D,S,118,0.0,6EQE
D,T,118,0.0,6EQE
D,V,118,0.0,6EQE
D,W,118,0.0,6EQE
D,Y,118,0.0,6EQE
Q,A,119,0.0,6EQE
Q,C,119,0.0,6EQE
Q,D,119,0.0,6EQE
Q,E,119,0.0,6EQE
Q,F,119,0.0,6EQE
Q,G,119,0.0,6EQE
Q,H,119,0.0,6EQE
Q,I,119,0.0,6EQE
Q,K,119,0.0,6EQE
Q,L,119,0.0,6EQE
Q,M,119,0.0,6EQE
Q,N,119,0.0,6EQE
Q,P,119,0.0,6EQE
Q,R,119,0.0,6EQE
Q,S,119,0.0,6EQE
Q,T,119,0.0,6EQE
Q,V,119,0.0,6EQE
Q,W,119,0.0,6EQE
Q,Y,119,0.0,6EQE
P,A,120,0.0,6EQE
P,C,120,0.0,6EQE
P,D,120,0.0,6EQE
P,E,120,0.0,6EQE
P,F,120,0.0,6EQE
P,G,120,0.0,6EQE
P,H,120,0.0,6EQE
P,I,120,0.0,6EQE
P,K,120,0.0,6EQE
P,L,120,0.0,6EQE
P,M,120,0.0,6EQE
P,N,120,0.0,6EQE
P,Q,120,0.0,6EQE
P,R,120,0.0,6EQE
P,S,120,0.0,6EQE
P,T,120,0.0,6EQE
P,V,120,0.0,6EQE
P,W,120,0.0,6EQE
P,Y,120,0.0,6EQE
S,A,121,0.0,6EQE
S,C,121,0.0,6EQE
S,D,121,0.0,6EQE
S,E,121,0.0,6EQE
S,F,121,0.0,6EQE
S,G,121,0.0,6EQE
S,H,121,0.0,6EQE
S,I,121,0.0,6EQE
S,K,121,0.0,6EQE
S,L,121,0.0,6EQE
S,M,121,0.0,6EQE
S,N,121,0.0,6EQE
S,P,121,0.0,6EQE
S,Q,121,0.0,6EQE
S,R,121,0.0,6EQE
S,T,121,0.0,6EQE
S,V,121,0.0,6EQE
S,W,121,0.0,6EQE
S,Y,121,0.0,6EQE
S,A,122,0.0,6EQE
S,C,122,0.0,6EQE
S,D,122,0.0,6EQE
S,E,122,0.0,6EQE
S,F,122,0.0,6EQE
S,G,122,0.0,6EQE
S,H,122,0.0,6EQE
S,I,122,0.0,6EQE
S,K,122,0.0,6EQE
S,L,122,0.0,6EQE
S,M,122,0.0,6EQE
S,N,122,0.0,6EQE
S,P,122,0.0,6EQE
S,Q,122,0.0,6EQE
S,R,122,0.0,6EQE
S,T,122,0.0,6EQE
S,V,122,0.0,6EQE
S,W,122,0.0,6EQE
S,Y,122,0.0,6EQE
R,A,123,0.0,6EQE
R,C,123,0.0,6EQE
R,D,123,0.0,6EQE
R,E,123,0.0,6EQE
R,F,123,0.0,6EQE
R,G,123,0.0,6EQE
R,H,123,0.0,6EQE
R,I,123,0.0,6EQE
R,K,123,0.0,6EQE
R,L,123,0.0,6EQE
R,M,123,0.0,6EQE
R,N,123,0.0,6EQE
R,P,123,0.0,6EQE
R,Q,123,0.0,6EQE
R,S,123,0.0,6EQE
R,T,123,0.0,6EQE
R,V,123,0.0,6EQE
R,W,123,0.0,6EQE
R,Y,123,0.0,6EQE
S,A,124,0.0,6EQE
S,C,124,0.0,6EQE
S,D,124,0.0,6EQE
S,E,124,0.0,6EQE
S,F,124,0.0,6EQE
S,G,124,0.0,6EQE
S,H,124,0.0,6EQE
S,I,124,0.0,6EQE
S,K,124,0.0,6EQE
S,L,124,0.0,6EQE
S,M,124,0.0,6EQE
S,N,124,0.0,6EQE
S,P,124,0.0,6EQE
S,Q,124,0.0,6EQE
S,R,124,0.0,6EQE
S,T,124,0.0,6EQE
S,V,124,0.0,6EQE
S,W,124,0.0,6EQE
S,Y,124,0.0,6EQE
S,A,125,0.0,6EQE
S,C,125,0.0,6EQE
S,D,125,0.0,6EQE
S,E,125,0.0,6EQE
S,F,125,0.0,6EQE
S,G,125,0.0,6EQE
S,H,125,0.0,6EQE
S,I,125,0.0,6EQE
S,K,125,0.0,6EQE
S,L,125,0.0,6EQE
S,M,125,0.0,6EQE
S,N,125,0.0,6EQE
S,P,125,0.0,6EQE
S,Q,125,0.0,6EQE
S,R,125,0.0,6EQE
S,T,125,0.0,6EQE
S,V,125,0.0,6EQE
S,W,125,0.0,6EQE
S,Y,125,0.0,6EQE
Q,A,126,0.0,6EQE
Q,C,126,0.0,6EQE
Q,D,126,0.0,6EQE
Q,E,126,0.0,6EQE
Q,F,126,0.0,6EQE
Q,G,126,0.0,6EQE
Q,H,126,0.0,6EQE
Q,I,126,0.0,6EQE
Q,K,126,0.0,6EQE
Q,L,126,0.0,6EQE
Q,M,126,0.0,6EQE
Q,N,126,0.0,6EQE
Q,P,126,0.0,6EQE
Q,R,126,0.0,6EQE
Q,S,126,0.0,6EQE
Q,T,126,0.0,6EQE
Q,V,126,0.0,6EQE
Q,W,126,0.0,6EQE
Q,Y,126,0.0,6EQE
Q,A,127,0.0,6EQE
Q,C,127,0.0,6EQE
Q,D,127,0.0,6EQE
Q,E,127,0.0,6EQE
Q,F,127,0.0,6EQE
Q,G,127,0.0,6EQE
Q,H,127,0.0,6EQE
Q,I,127,0.0,6EQE
Q,K,127,0.0,6EQE
Q,L,127,0.0,6EQE
Q,M,127,0.0,6EQE
Q,N,127,0.0,6EQE
Q,P,127,0.0,6EQE
Q,R,127,0.0,6EQE
Q,S,127,0.0,6EQE
Q,T,127,0.0,6EQE
Q,V,127,0.0,6EQE
Q,W,127,0.0,6EQE
Q,Y,127,0.0,6EQE
M,A,128,0.0,6EQE
M,C,128,0.0,6EQE
M,D,128,0.0,6EQE
M,E,128,0.0,6EQE
M,F,128,0.0,6EQE
M,G,128,0.0,6EQE
M,H,128,0.0,6EQE
M,I,128,0.0,6EQE
M,K,128,0.0,6EQE
M,L,128,0.0,6EQE
M,N,128,0.0,6EQE
M,P,128,0.0,6EQE
M,Q,128,0.0,6EQE
M,R,128,0.0,6EQE
M,S,128,0.0,6EQE
M,T,128,0.0,6EQE
M,V,128,0.0,6EQE
M,W,128,0.0,6EQE
M,Y,128,0.0,6EQE
A,C,129,0.0,6EQE
A,D,129,0.0,6EQE
A,E,129,0.0,6EQE
A,F,129,0.0,6EQE
A,G,129,0.0,6EQE
A,H,129,0.0,6EQE
A,I,129,0.0,6EQE
A,K,129,0.0,6EQE
A,L,129,0.0,6EQE
A,M,129,0.0,6EQE
A,N,129,0.0,6EQE
A,P,129,0.0,6EQE
A,Q,129,0.0,6EQE
A,R,129,0.0,6EQE
A,S,129,0.0,6EQE
A,T,129,0.0,6EQE
A,V,129,0.0,6EQE
A,W,129,0.0,6EQE
A,Y,129,0.0,6EQE
A,C,130,0.0,6EQE
A,D,130,0.0,6EQE
A,E,130,0.0,6EQE
A,F,130,0.0,6EQE
A,G,130,0.0,6EQE
A,H,130,0.0,6EQE
A,I,130,0.0,6EQE
A,K,130,0.0,6EQE
A,L,130,0.0,6EQE
A,M,130,0.0,6EQE
A,N,130,0.0,6EQE
A,P,130,0.0,6EQE
A,Q,130,0.0,6EQE
A,R,130,0.0,6EQE
A,S,130,0.0,6EQE
A,T,130,0.0,6EQE
A,V,130,0.0,6EQE
A,W,130,0.0,6EQE
A,Y,130,0.0,6EQE
L,A,131,0.0,6EQE
L,C,131,0.0,6EQE
L,D,131,0.0,6EQE
L,E,131,0.0,6EQE
L,F,131,0.0,6EQE
L,G,131,0.0,6EQE
L,H,131,0.0,6EQE
L,I,131,0.0,6EQE
L,K,131,0.0,6EQE
L,M,131,0.0,6EQE
L,N,131,0.0,6EQE
L,P,131,0.0,6EQE
L,Q,131,0.0,6EQE
L,R,131,0.0,6EQE
L,S,131,0.0,6EQE
L,T,131,0.0,6EQE
L,V,131,0.0,6EQE
L,W,131,0.0,6EQE
L,Y,131,0.0,6EQE
R,A,132,0.0,6EQE
R,C,132,0.0,6EQE
R,D,132,0.0,6EQE
R,E,132,0.0,6EQE
R,F,132,0.0,6EQE
R,G,132,0.0,6EQE
R,H,132,0.0,6EQE
R,I,132,0.0,6EQE
R,K,132,0.0,6EQE
R,L,132,0.0,6EQE
R,M,132,0.0,6EQE
R,N,132,0.0,6EQE
R,P,132,0.0,6EQE
R,Q,132,0.0,6EQE
R,S,132,0.0,6EQE
R,T,132,0.0,6EQE
R,V,132,0.0,6EQE
R,W,132,0.0,6EQE
R,Y,132,0.0,6EQE
Q,A,133,0.0,6EQE
Q,C,133,0.0,6EQE
Q,D,133,0.0,6EQE
Q,E,133,0.0,6EQE
Q,F,133,0.0,6EQE
Q,G,133,0.0,6EQE
Q,H,133,0.0,6EQE
Q,I,133,0.0,6EQE
Q,K,133,0.0,6EQE
Q,L,133,0.0,6EQE
Q,M,133,0.0,6EQE
Q,N,133,0.0,6EQE
Q,P,133,0.0,6EQE
Q,R,133,0.0,6EQE
Q,S,133,0.0,6EQE
Q,T,133,0.0,6EQE
Q,V,133,0.0,6EQE
Q,W,133,0.0,6EQE
Q,Y,133,0.0,6EQE
V,A,134,0.0,6EQE
V,C,134,0.0,6EQE
V,D,134,0.0,6EQE
V,E,134,0.0,6EQE
V,F,134,0.0,6EQE
V,G,134,0.0,6EQE
V,H,134,0.0,6EQE
V,I,134,0.0,6EQE
V,K,134,0.0,6EQE
V,L,134,0.0,6EQE
V,M,134,0.0,6EQE
V,N,134,0.0,6EQE
V,P,134,0.0,6EQE
V,Q,134,0.0,6EQE
V,R,134,0.0,6EQE
V,S,134,0.0,6EQE
V,T,134,0.0,6EQE
V,W,134,0.0,6EQE
V,Y,134,0.0,6EQE
A,C,135,0.0,6EQE
A,D,135,0.0,6EQE
A,E,135,0.0,6EQE
A,F,135,0.0,6EQE
A,G,135,0.0,6EQE
A,H,135,0.0,6EQE
A,I,135,0.0,6EQE
A,K,135,0.0,6EQE
A,L,135,0.0,6EQE
A,M,135,0.0,6EQE
A,N,135,0.0,6EQE
A,P,135,0.0,6EQE
A,Q,135,0.0,6EQE
A,R,135,0.0,6EQE
A,S,135,0.0,6EQE
A,T,135,0.0,6EQE
A,V,135,0.0,6EQE
A,W,135,0.0,6EQE
A,Y,135,0.0,6EQE
S,A,136,0.0,6EQE
S,C,136,0.0,6EQE
S,D,136,0.0,6EQE
S,E,136,0.0,6EQE
S,F,136,0.0,6EQE
S,G,136,0.0,6EQE
S,H,136,0.0,6EQE
S,I,136,0.0,6EQE
S,K,136,0.0,6EQE
S,L,136,0.0,6EQE
S,M,136,0.0,6EQE
S,N,136,0.0,6EQE
S,P,136,0.0,6EQE
S,Q,136,0.0,6EQE
S,R,136,0.0,6EQE
S,T,136,0.0,6EQE
S,V,136,0.0,6EQE
S,W,136,0.0,6EQE
S,Y,136,0.0,6EQE
L,A,137,0.0,6EQE
L,C,137,0.0,6EQE
L,D,137,0.0,6EQE
L,E,137,0.0,6EQE
L,F,137,0.0,6EQE
L,G,137,0.0,6EQE
L,H,137,0.0,6EQE
L,I,137,0.0,6EQE
L,K,137,0.0,6EQE
L,M,137,0.0,6EQE
L,N,137,0.0,6EQE
L,P,137,0.0,6EQE
L,Q,137,0.0,6EQE
L,R,137,0.0,6EQE
L,S,137,0.0,6EQE
L,T,137,0.0,6EQE
L,V,137,0.0,6EQE
L,W,137,0.0,6EQE
L,Y,137,0.0,6EQE
N,A,138,0.0,6EQE
N,C,138,0.0,6EQE
N,D,138,0.0,6EQE
N,E,138,0.0,6EQE
N,F,138,0.0,6EQE
N,G,138,0.0,6EQE
N,H,138,0.0,6EQE
N,I,138,0.0,6EQE
N,K,138,0.0,6EQE
N,L,138,0.0,6EQE
N,M,138,0.0,6EQE
N,P,138,0.0,6EQE
N,Q,138,0.0,6EQE
N,R,138,0.0,6EQE
N,S,138,0.0,6EQE
N,T,138,0.0,6EQE
N,V,138,0.0,6EQE
N,W,138,0.0,6EQE
N,Y,138,0.0,6EQE
G,A,139,0.0,6EQE
G,C,139,0.0,6EQE
G,D,139,0.0,6EQE
G,E,139,0.0,6EQE
G,F,139,0.0,6EQE
G,H,139,0.0,6EQE
G,I,139,0.0,6EQE
G,K,139,0.0,6EQE
G,L,139,0.0,6EQE
G,M,139,0.0,6EQE
G,N,139,0.0,6EQE
G,P,139,0.0,6EQE
G,Q,139,0.0,6EQE
G,R,139,0.0,6EQE
G,S,139,0.0,6EQE
G,T,139,0.0,6EQE
G,V,139,0.0,6EQE
G,W,139,0.0,6EQE
G,Y,139,0.0,6EQE
T,A,140,0.0,6EQE
T,C,140,0.0,6EQE
T,D,140,0.0,6EQE
T,E,140,0.0,6EQE
T,F,140,0.0,6EQE
T,G,140,0.0,6EQE
T,H,140,0.0,6EQE
T,I,140,0.0,6EQE
T,K,140,0.0,6EQE
T,L,140,0.0,6EQE
T,M,140,0.0,6EQE
T,N,140,0.0,6EQE
T,P,140,0.0,6EQE
T,Q,140,0.0,6EQE
T,R,140,0.0,6EQE
T,S,140,0.0,6EQE
T,V,140,0.0,6EQE
T,W,140,0.0,6EQE
T,Y,140,0.0,6EQE
S,A,141,0.0,6EQE
S,C,141,0.0,6EQE
S,D,141,0.0,6EQE
S,E,141,0.0,6EQE
S,F,141,0.0,6EQE
S,G,141,0.0,6EQE
S,H,141,0.0,6EQE
S,I,141,0.0,6EQE
S,K,141,0.0,6EQE
S,L,141,0.0,6EQE
S,M,141,0.0,6EQE
S,N,141,0.0,6EQE
S,P,141,0.0,6EQE
S,Q,141,0.0,6EQE
S,R,141,0.0,6EQE
S,T,141,0.0,6EQE
S,V,141,0.0,6EQE
S,W,141,0.0,6EQE
S,Y,141,0.0,6EQE
S,A,142,0.0,6EQE
S,C,142,0.0,6EQE
S,D,142,0.0,6EQE
S,E,142,0.0,6EQE
S,F,142,0.0,6EQE
S,G,142,0.0,6EQE
S,H,142,0.0,6EQE
S,I,142,0.0,6EQE
S,K,142,0.0,6EQE
S,L,142,0.0,6EQE
S,M,142,0.0,6EQE
S,N,142,0.0,6EQE
S,P,142,0.0,6EQE
S,Q,142,0.0,6EQE
S,R,142,0.0,6EQE
S,T,142,0.0,6EQE
S,V,142,0.0,6EQE
S,W,142,0.0,6EQE
S,Y,142,0.0,6EQE
S,A,143,0.0,6EQE
S,C,143,0.0,6EQE
S,D,143,0.0,6EQE
S,E,143,0.0,6EQE
S,F,143,0.0,6EQE
S,G,143,0.0,6EQE
S,H,143,0.0,6EQE
S,I,143,0.0,6EQE
S,K,143,0.0,6EQE
S,L,143,0.0,6EQE
S,M,143,0.0,6EQE
S,N,143,0.0,6EQE
S,P,143,0.0,6EQE
S,Q,143,0.0,6EQE
S,R,143,0.0,6EQE
S,T,143,0.0,6EQE
S,V,143,0.0,6EQE
S,W,143,0.0,6EQE
S,Y,143,0.0,6EQE
P,A,144,0.0,6EQE
P,C,144,0.0,6EQE
P,D,144,0.0,6EQE
P,E,144,0.0,6EQE
P,F,144,0.0,6EQE
P,G,144,0.0,6EQE
P,H,144,0.0,6EQE
P,I,144,0.0,6EQE
P,K,144,0.0,6EQE
P,L,144,0.0,6EQE
P,M,144,0.0,6EQE
P,N,144,0.0,6EQE
P,Q,144,0.0,6EQE
P,R,144,0.0,6EQE
P,S,144,0.0,6EQE
P,T,144,0.0,6EQE
P,V,144,0.0,6EQE
P,W,144,0.0,6EQE
P,Y,144,0.0,6EQE
I,A,145,0.0,6EQE
I,C,145,0.0,6EQE
I,D,145,0.0,6EQE
I,E,145,0.0,6EQE
I,F,145,0.0,6EQE
I,G,145,0.0,6EQE
I,H,145,0.0,6EQE
I,K,145,0.0,6EQE
I,L,145,0.0,6EQE
I,M,145,0.0,6EQE
I,N,145,0.0,6EQE
I,P,145,0.0,6EQE
I,Q,145,0.0,6EQE
I,R,145,0.0,6EQE
I,S,145,0.0,6EQE
I,T,145,0.0,6EQE
I,V,145,0.0,6EQE
I,W,145,0.0,6EQE
I,Y,145,0.0,6EQE
Y,A,146,0.0,6EQE
Y,C,146,0.0,6EQE
Y,D,146,0.0,6EQE
Y,E,146,0.0,6EQE
Y,F,146,0.0,6EQE
Y,G,146,0.0,6EQE
Y,H,146,0.0,6EQE
Y,I,146,0.0,6EQE
Y,K,146,0.0,6EQE
Y,L,146,0.0,6EQE
Y,M,146,0.0,6EQE
Y,N,146,0.0,6EQE
Y,P,146,0.0,6EQE
Y,Q,146,0.0,6EQE
Y,R,146,0.0,6EQE
Y,S,146,0.0,6EQE
Y,T,146,0.0,6EQE
Y,V,146,0.0,6EQE
Y,W,146,0.0,6EQE
G,A,147,0.0,6EQE
G,C,147,0.0,6EQE
G,D,147,0.0,6EQE
G,E,147,0.0,6EQE
G,F,147,0.0,6EQE
G,H,147,0.0,6EQE
G,I,147,0.0,6EQE
G,K,147,0.0,6EQE
G,L,147,0.0,6EQE
G,M,147,0.0,6EQE
G,N,147,0.0,6EQE
G,P,147,0.0,6EQE
G,Q,147,0.0,6EQE
G,R,147,0.0,6EQE
G,S,147,0.0,6EQE
G,T,147,0.0,6EQE
G,V,147,0.0,6EQE
G,W,147,0.0,6EQE
G,Y,147,0.0,6EQE
K,A,148,0.0,6EQE
K,C,148,0.0,6EQE
K,D,148,0.0,6EQE
K,E,148,0.0,6EQE
K,F,148,0.0,6EQE
K,G,148,0.0,6EQE
K,H,148,0.0,6EQE
K,I,148,0.0,6EQE
K,L,148,0.0,6EQE
K,M,148,0.0,6EQE
K,N,148,0.0,6EQE
K,P,148,0.0,6EQE
K,Q,148,0.0,6EQE
K,R,148,0.0,6EQE
K,S,148,0.0,6EQE
K,T,148,0.0,6EQE
K,V,148,0.0,6EQE
K,W,148,0.0,6EQE
K,Y,148,0.0,6EQE
V,A,149,0.0,6EQE
V,C,149,0.0,6EQE
V,D,149,0.0,6EQE
V,E,149,0.0,6EQE
V,F,149,0.0,6EQE
V,G,149,0.0,6EQE
V,H,149,0.0,6EQE
V,I,149,0.0,6EQE
V,K,149,0.0,6EQE
V,L,149,0.0,6EQE
V,M,149,0.0,6EQE
V,N,149,0.0,6EQE
V,P,149,0.0,6EQE
V,Q,149,0.0,6EQE
V,R,149,0.0,6EQE
V,S,149,0.0,6EQE
V,T,149,0.0,6EQE
V,W,149,0.0,6EQE
V,Y,149,0.0,6EQE
D,A,150,0.0,6EQE
D,C,150,0.0,6EQE
D,E,150,0.0,6EQE
D,F,150,0.0,6EQE
D,G,150,0.0,6EQE
D,H,150,0.0,6EQE
D,I,150,0.0,6EQE
D,K,150,0.0,6EQE
D,L,150,0.0,6EQE
D,M,150,0.0,6EQE
D,N,150,0.0,6EQE
D,P,150,0.0,6EQE
D,Q,150,0.0,6EQE
D,R,150,0.0,6EQE
D,S,150,0.0,6EQE
D,T,150,0.0,6EQE
D,V,150,0.0,6EQE
D,W,150,0.0,6EQE
D,Y,150,0.0,6EQE
T,A,151,0.0,6EQE
T,C,151,0.0,6EQE
T,D,151,0.0,6EQE
T,E,151,0.0,6EQE
T,F,151,0.0,6EQE
T,G,151,0.0,6EQE
T,H,151,0.0,6EQE
T,I,151,0.0,6EQE
T,K,151,0.0,6EQE
T,L,151,0.0,6EQE
T,M,151,0.0,6EQE
T,N,151,0.0,6EQE
T,P,151,0.0,6EQE
T,Q,151,0.0,6EQE
T,R,151,0.0,6EQE
T,S,151,0.0,6EQE
T,V,151,0.0,6EQE
T,W,151,0.0,6EQE
T,Y,151,0.0,6EQE
A,C,152,0.0,6EQE
A,D,152,0.0,6EQE
A,E,152,0.0,6EQE
A,F,152,0.0,6EQE
A,G,152,0.0,6EQE
A,H,152,0.0,6EQE
A,I,152,0.0,6EQE
A,K,152,0.0,6EQE
A,L,152,0.0,6EQE
A,M,152,0.0,6EQE
A,N,152,0.0,6EQE
A,P,152,0.0,6EQE
A,Q,152,0.0,6EQE
A,R,152,0.0,6EQE
A,S,152,0.0,6EQE
A,T,152,0.0,6EQE
A,V,152,0.0,6EQE
A,W,152,0.0,6EQE
A,Y,152,0.0,6EQE
R,A,153,0.0,6EQE
R,C,153,0.0,6EQE
R,D,153,0.0,6EQE
R,E,153,0.0,6EQE
R,F,153,0.0,6EQE
R,G,153,0.0,6EQE
R,H,153,0.0,6EQE
R,I,153,0.0,6EQE
R,K,153,0.0,6EQE
R,L,153,0.0,6EQE
R,M,153,0.0,6EQE
R,N,153,0.0,6EQE
R,P,153,0.0,6EQE
R,Q,153,0.0,6EQE
R,S,153,0.0,6EQE
R,T,153,0.0,6EQE
R,V,153,0.0,6EQE
R,W,153,0.0,6EQE
R,Y,153,0.0,6EQE
M,A,154,0.0,6EQE
M,C,154,0.0,6EQE
M,D,154,0.0,6EQE
M,E,154,0.0,6EQE
M,F,154,0.0,6EQE
M,G,154,0.0,6EQE
M,H,154,0.0,6EQE
M,I,154,0.0,6EQE
M,K,154,0.0,6EQE
M,L,154,0.0,6EQE
M,N,154,0.0,6EQE
M,P,154,0.0,6EQE
M,Q,154,0.0,6EQE
M,R,154,0.0,6EQE
M,S,154,0.0,6EQE
M,T,154,0.0,6EQE
M,V,154,0.0,6EQE
M,W,154,0.0,6EQE
M,Y,154,0.0,6EQE
G,A,155,0.0,6EQE
G,C,155,0.0,6EQE
G,D,155,0.0,6EQE
G,E,155,0.0,6EQE
G,F,155,0.0,6EQE
G,H,155,0.0,6EQE
G,I,155,0.0,6EQE
G,K,155,0.0,6EQE
G,L,155,0.0,6EQE
G,M,155,0.0,6EQE
G,N,155,0.0,6EQE
G,P,155,0.0,6EQE
G,Q,155,0.0,6EQE
G,R,155,0.0,6EQE
G,S,155,0.0,6EQE
G,T,155,0.0,6EQE
G,V,155,0.0,6EQE
G,W,155,0.0,6EQE
G,Y,155,0.0,6EQE
V,A,156,0.0,6EQE
V,C,156,0.0,6EQE
V,D,156,0.0,6EQE
V,E,156,0.0,6EQE
V,F,156,0.0,6EQE
V,G,156,0.0,6EQE
V,H,156,0.0,6EQE
V,I,156,0.0,6EQE
V,K,156,0.0,6EQE
V,L,156,0.0,6EQE
V,M,156,0.0,6EQE
V,N,156,0.0,6EQE
V,P,156,0.0,6EQE
V,Q,156,0.0,6EQE
V,R,156,0.0,6EQE
V,S,156,0.0,6EQE
V,T,156,0.0,6EQE
V,W,156,0.0,6EQE
V,Y,156,0.0,6EQE
M,A,157,0.0,6EQE
M,C,157,0.0,6EQE
M,D,157,0.0,6EQE
M,E,157,0.0,6EQE
M,F,157,0.0,6EQE
M,G,157,0.0,6EQE
M,H,157,0.0,6EQE
M,I,157,0.0,6EQE
M,K,157,0.0,6EQE
M,L,157,0.0,6EQE
M,N,157,0.0,6EQE
M,P,157,0.0,6EQE
M,Q,157,0.0,6EQE
M,R,157,0.0,6EQE
M,S,157,0.0,6EQE
M,T,157,0.0,6EQE
M,V,157,0.0,6EQE
M,W,157,0.0,6EQE
M,Y,157,0.0,6EQE
G,A,158,0.0,6EQE
G,C,158,0.0,6EQE
G,D,158,0.0,6EQE
G,E,158,0.0,6EQE
G,F,158,0.0,6EQE
G,H,158,0.0,6EQE
G,I,158,0.0,6EQE
G,K,158,0.0,6EQE
G,L,158,0.0,6EQE
G,M,158,0.0,6EQE
G,N,158,0.0,6EQE
G,P,158,0.0,6EQE
G,Q,158,0.0,6EQE
G,R,158,0.0,6EQE
G,S,158,0.0,6EQE
G,T,158,0.0,6EQE
G,V,158,0.0,6EQE
G,W,158,0.0,6EQE
G,Y,158,0.0,6EQE
W,A,159,0.0,6EQE
W,C,159,0.0,6EQE
W,D,159,0.0,6EQE
W,E,159,0.0,6EQE
W,F,159,0.0,6EQE
W,G,159,0.0,6EQE
W,H,159,0.0,6EQE
W,I,159,0.0,6EQE
W,K,159,0.0,6EQE
W,L,159,0.0,6EQE
W,M,159,0.0,6EQE
W,N,159,0.0,6EQE
W,P,159,0.0,6EQE
W,Q,159,0.0,6EQE
W,R,159,0.0,6EQE
W,S,159,0.0,6EQE
W,T,159,0.0,6EQE
W,V,159,0.0,6EQE
W,Y,159,0.0,6EQE
M,A,161,0.0,6EQE
M,C,161,0.0,6EQE
M,D,161,0.0,6EQE
M,E,161,0.0,6EQE
M,F,161,0.0,6EQE
M,G,161,0.0,6EQE
M,H,161,0.0,6EQE
M,I,161,0.0,6EQE
M,K,161,0.0,6EQE
M,L,161,0.0,6EQE
M,N,161,0.0,6EQE
M,P,161,0.0,6EQE
M,Q,161,0.0,6EQE
M,R,161,0.0,6EQE
M,S,161,0.0,6EQE
M,T,161,0.0,6EQE
M,V,161,0.0,6EQE
M,W,161,0.0,6EQE
M,Y,161,0.0,6EQE
G,A,162,0.0,6EQE
G,C,162,0.0,6EQE
G,D,162,0.0,6EQE
G,E,162,0.0,6EQE
G,F,162,0.0,6EQE
G,H,162,0.0,6EQE
G,I,162,0.0,6EQE
G,K,162,0.0,6EQE
G,L,162,0.0,6EQE
G,M,162,0.0,6EQE
G,N,162,0.0,6EQE
G,P,162,0.0,6EQE
G,Q,162,0.0,6EQE
G,R,162,0.0,6EQE
G,S,162,0.0,6EQE
G,T,162,0.0,6EQE
G,V,162,0.0,6EQE
G,W,162,0.0,6EQE
G,Y,162,0.0,6EQE
G,A,163,0.0,6EQE
G,C,163,0.0,6EQE
G,D,163,0.0,6EQE
G,E,163,0.0,6EQE
G,F,163,0.0,6EQE
G,H,163,0.0,6EQE
G,I,163,0.0,6EQE
G,K,163,0.0,6EQE
G,L,163,0.0,6EQE
G,M,163,0.0,6EQE
G,N,163,0.0,6EQE
G,P,163,0.0,6EQE
G,Q,163,0.0,6EQE
G,R,163,0.0,6EQE
G,S,163,0.0,6EQE
G,T,163,0.0,6EQE
G,V,163,0.0,6EQE
G,W,163,0.0,6EQE
G,Y,163,0.0,6EQE
G,A,164,0.0,6EQE
G,C,164,0.0,6EQE
G,D,164,0.0,6EQE
G,E,164,0.0,6EQE
G,F,164,0.0,6EQE
G,H,164,0.0,6EQE
G,I,164,0.0,6EQE
G,K,164,0.0,6EQE
G,L,164,0.0,6EQE
G,M,164,0.0,6EQE
G,N,164,0.0,6EQE
G,P,164,0.0,6EQE
G,Q,164,0.0,6EQE
G,R,164,0.0,6EQE
G,S,164,0.0,6EQE
G,T,164,0.0,6EQE
G,V,164,0.0,6EQE
G,W,164,0.0,6EQE
G,Y,164,0.0,6EQE
G,A,165,0.0,6EQE
G,C,165,0.0,6EQE
G,D,165,0.0,6EQE
G,E,165,0.0,6EQE
G,F,165,0.0,6EQE
G,H,165,0.0,6EQE
G,I,165,0.0,6EQE
G,K,165,0.0,6EQE
G,L,165,0.0,6EQE
G,M,165,0.0,6EQE
G,N,165,0.0,6EQE
G,P,165,0.0,6EQE
G,Q,165,0.0,6EQE
G,R,165,0.0,6EQE
G,S,165,0.0,6EQE
G,T,165,0.0,6EQE
G,V,165,0.0,6EQE
G,W,165,0.0,6EQE
G,Y,165,0.0,6EQE
S,A,166,0.0,6EQE
S,C,166,0.0,6EQE
S,D,166,0.0,6EQE
S,E,166,0.0,6EQE
S,F,166,0.0,6EQE
S,G,166,0.0,6EQE
S,H,166,0.0,6EQE
S,I,166,0.0,6EQE
S,K,166,0.0,6EQE
S,L,166,0.0,6EQE
S,M,166,0.0,6EQE
S,N,166,0.0,6EQE
S,P,166,0.0,6EQE
S,Q,166,0.0,6EQE
S,R,166,0.0,6EQE
S,T,166,0.0,6EQE
S,V,166,0.0,6EQE
S,W,166,0.0,6EQE
S,Y,166,0.0,6EQE
L,A,167,0.0,6EQE
L,C,167,0.0,6EQE
L,D,167,0.0,6EQE
L,E,167,0.0,6EQE
L,F,167,0.0,6EQE
L,G,167,0.0,6EQE
L,H,167,0.0,6EQE
L,I,167,0.0,6EQE
L,K,167,0.0,6EQE
L,M,167,0.0,6EQE
L,N,167,0.0,6EQE
L,P,167,0.0,6EQE
L,Q,167,0.0,6EQE
L,R,167,0.0,6EQE
L,S,167,0.0,6EQE
L,T,167,0.0,6EQE
L,V,167,0.0,6EQE
L,W,167,0.0,6EQE
L,Y,167,0.0,6EQE
I,A,168,0.0,6EQE
I,C,168,0.0,6EQE
I,D,168,0.0,6EQE
I,E,168,0.0,6EQE
I,F,168,0.0,6EQE
I,G,168,0.0,6EQE
I,H,168,0.0,6EQE
I,K,168,0.0,6EQE
I,L,168,0.0,6EQE
I,M,168,0.0,6EQE
I,N,168,0.0,6EQE
I,P,168,0.0,6EQE
I,Q,168,0.0,6EQE
I,R,168,0.0,6EQE
I,S,168,0.0,6EQE
I,T,168,0.0,6EQE
I,V,168,0.0,6EQE
I,W,168,0.0,6EQE
I,Y,168,0.0,6EQE
S,A,169,0.0,6EQE
S,C,169,0.0,6EQE
S,D,169,0.0,6EQE
S,E,169,0.0,6EQE
S,F,169,0.0,6EQE
S,G,169,0.0,6EQE
S,H,169,0.0,6EQE
S,I,169,0.0,6EQE
S,K,169,0.0,6EQE
S,L,169,0.0,6EQE
S,M,169,0.0,6EQE
S,N,169,0.0,6EQE
S,P,169,0.0,6EQE
S,Q,169,0.0,6EQE
S,R,169,0.0,6EQE
S,T,169,0.0,6EQE
S,V,169,0.0,6EQE
S,W,169,0.0,6EQE
S,Y,169,0.0,6EQE
A,C,170,0.0,6EQE
A,D,170,0.0,6EQE
A,E,170,0.0,6EQE
A,F,170,0.0,6EQE
A,G,170,0.0,6EQE
A,H,170,0.0,6EQE
A,I,170,0.0,6EQE
A,K,170,0.0,6EQE
A,L,170,0.0,6EQE
A,M,170,0.0,6EQE
A,N,170,0.0,6EQE
A,P,170,0.0,6EQE
A,Q,170,0.0,6EQE
A,R,170,0.0,6EQE
A,S,170,0.0,6EQE
A,T,170,0.0,6EQE
A,V,170,0.0,6EQE
A,W,170,0.0,6EQE
A,Y,170,0.0,6EQE
A,C,171,0.0,6EQE
A,D,171,0.0,6EQE
A,E,171,0.0,6EQE
A,F,171,0.0,6EQE
A,G,171,0.0,6EQE
A,H,171,0.0,6EQE
A,I,171,0.0,6EQE
A,K,171,0.0,6EQE
A,L,171,0.0,6EQE
A,M,171,0.0,6EQE
A,N,171,0.0,6EQE
A,P,171,0.0,6EQE
A,Q,171,0.0,6EQE
A,R,171,0.0,6EQE
A,S,171,0.0,6EQE
A,T,171,0.0,6EQE
A,V,171,0.0,6EQE
A,W,171,0.0,6EQE
A,Y,171,0.0,6EQE
N,A,172,0.0,6EQE
N,C,172,0.0,6EQE
N,D,172,0.0,6EQE
N,E,172,0.0,6EQE
N,F,172,0.0,6EQE
N,G,172,0.0,6EQE
N,H,172,0.0,6EQE
N,I,172,0.0,6EQE
N,K,172,0.0,6EQE
N,L,172,0.0,6EQE
N,M,172,0.0,6EQE
N,P,172,0.0,6EQE
N,Q,172,0.0,6EQE
N,R,172,0.0,6EQE
N,S,172,0.0,6EQE
N,T,172,0.0,6EQE
N,V,172,0.0,6EQE
N,W,172,0.0,6EQE
N,Y,172,0.0,6EQE
N,A,173,0.0,6EQE
N,C,173,0.0,6EQE
N,D,173,0.0,6EQE
N,E,173,0.0,6EQE
N,F,173,0.0,6EQE
N,G,173,0.0,6EQE
N,H,173,0.0,6EQE
N,I,173,0.0,6EQE
N,K,173,0.0,6EQE
N,L,173,0.0,6EQE
N,M,173,0.0,6EQE
N,P,173,0.0,6EQE
N,Q,173,0.0,6EQE
N,R,173,0.0,6EQE
N,S,173,0.0,6EQE
N,T,173,0.0,6EQE
N,V,173,0.0,6EQE
N,W,173,0.0,6EQE
N,Y,173,0.0,6EQE
P,A,174,0.0,6EQE
P,C,174,0.0,6EQE
P,D,174,0.0,6EQE
P,E,174,0.0,6EQE
P,F,174,0.0,6EQE
P,G,174,0.0,6EQE
P,H,174,0.0,6EQE
P,I,174,0.0,6EQE
P,K,174,0.0,6EQE
P,L,174,0.0,6EQE
P,M,174,0.0,6EQE
P,N,174,0.0,6EQE
P,Q,174,0.0,6EQE
P,R,174,0.0,6EQE
P,S,174,0.0,6EQE
P,T,174,0.0,6EQE
P,V,174,0.0,6EQE
P,W,174,0.0,6EQE
P,Y,174,0.0,6EQE
S,A,175,0.0,6EQE
S,C,175,0.0,6EQE
S,D,175,0.0,6EQE
S,E,175,0.0,6EQE
S,F,175,0.0,6EQE
S,G,175,0.0,6EQE
S,H,175,0.0,6EQE
S,I,175,0.0,6EQE
S,K,175,0.0,6EQE
S,L,175,0.0,6EQE
S,M,175,0.0,6EQE
S,N,175,0.0,6EQE
S,P,175,0.0,6EQE
S,Q,175,0.0,6EQE
S,R,175,0.0,6EQE
S,T,175,0.0,6EQE
S,V,175,0.0,6EQE
S,W,175,0.0,6EQE
S,Y,175,0.0,6EQE
L,A,176,0.0,6EQE
L,C,176,0.0,6EQE
L,D,176,0.0,6EQE
L,E,176,0.0,6EQE
L,F,176,0.0,6EQE
L,G,176,0.0,6EQE
L,H,176,0.0,6EQE
L,I,176,0.0,6EQE
L,K,176,0.0,6EQE
L,M,176,0.0,6EQE
L,N,176,0.0,6EQE
L,P,176,0.0,6EQE
L,Q,176,0.0,6EQE
L,R,176,0.0,6EQE
L,S,176,0.0,6EQE
L,T,176,0.0,6EQE
L,V,176,0.0,6EQE
L,W,176,0.0,6EQE
L,Y,176,0.0,6EQE
K,A,177,0.0,6EQE
K,C,177,0.0,6EQE
K,D,177,0.0,6EQE
K,E,177,0.0,6EQE
K,F,177,0.0,6EQE
K,G,177,0.0,6EQE
K,H,177,0.0,6EQE
K,I,177,0.0,6EQE
K,L,177,0.0,6EQE
K,M,177,0.0,6EQE
K,N,177,0.0,6EQE
K,P,177,0.0,6EQE
K,Q,177,0.0,6EQE
K,R,177,0.0,6EQE
K,S,177,0.0,6EQE
K,T,177,0.0,6EQE
K,V,177,0.0,6EQE
K,W,177,0.0,6EQE
K,Y,177,0.0,6EQE
A,C,178,0.0,6EQE
A,D,178,0.0,6EQE
A,E,178,0.0,6EQE
A,F,178,0.0,6EQE
A,G,178,0.0,6EQE
A,H,178,0.0,6EQE
A,I,178,0.0,6EQE
A,K,178,0.0,6EQE
A,L,178,0.0,6EQE
A,M,178,0.0,6EQE
A,N,178,0.0,6EQE
A,P,178,0.0,6EQE
A,Q,178,0.0,6EQE
A,R,178,0.0,6EQE
A,S,178,0.0,6EQE
A,T,178,0.0,6EQE
A,V,178,0.0,6EQE
A,W,178,0.0,6EQE
A,Y,178,0.0,6EQE
A,C,179,0.0,6EQE
A,D,179,0.0,6EQE
A,E,179,0.0,6EQE
A,F,179,0.0,6EQE
A,G,179,0.0,6EQE
A,H,179,0.0,6EQE
A,I,179,0.0,6EQE
A,K,179,0.0,6EQE
A,L,179,0.0,6EQE
A,M,179,0.0,6EQE
A,N,179,0.0,6EQE
A,P,179,0.0,6EQE
A,Q,179,0.0,6EQE
A,R,179,0.0,6EQE
A,S,179,0.0,6EQE
A,T,179,0.0,6EQE
A,V,179,0.0,6EQE
A,W,179,0.0,6EQE
A,Y,179,0.0,6EQE
A,C,180,0.0,6EQE
A,D,180,0.0,6EQE
A,E,180,0.0,6EQE
A,F,180,0.0,6EQE
A,G,180,0.0,6EQE
A,H,180,0.0,6EQE
A,I,180,0.0,6EQE
A,K,180,0.0,6EQE
A,L,180,0.0,6EQE
A,M,180,0.0,6EQE
A,N,180,0.0,6EQE
A,P,180,0.0,6EQE
A,Q,180,0.0,6EQE
A,R,180,0.0,6EQE
A,S,180,0.0,6EQE
A,T,180,0.0,6EQE
A,V,180,0.0,6EQE
A,W,180,0.0,6EQE
A,Y,180,0.0,6EQE
P,A,181,0.0,6EQE
P,C,181,0.0,6EQE
P,D,181,0.0,6EQE
P,E,181,0.0,6EQE
P,F,181,0.0,6EQE
P,G,181,0.0,6EQE
P,H,181,0.0,6EQE
P,I,181,0.0,6EQE
P,K,181,0.0,6EQE
P,L,181,0.0,6EQE
P,M,181,0.0,6EQE
P,N,181,0.0,6EQE
P,Q,181,0.0,6EQE
P,R,181,0.0,6EQE
P,S,181,0.0,6EQE
P,T,181,0.0,6EQE
P,V,181,0.0,6EQE
P,W,181,0.0,6EQE
P,Y,181,0.0,6EQE
Q,A,182,0.0,6EQE
Q,C,182,0.0,6EQE
Q,D,182,0.0,6EQE
Q,E,182,0.0,6EQE
Q,F,182,0.0,6EQE
Q,G,182,0.0,6EQE
Q,H,182,0.0,6EQE
Q,I,182,0.0,6EQE
Q,K,182,0.0,6EQE
Q,L,182,0.0,6EQE
Q,M,182,0.0,6EQE
Q,N,182,0.0,6EQE
Q,P,182,0.0,6EQE
Q,R,182,0.0,6EQE
Q,S,182,0.0,6EQE
Q,T,182,0.0,6EQE
Q,V,182,0.0,6EQE
Q,W,182,0.0,6EQE
Q,Y,182,0.0,6EQE
A,C,183,0.0,6EQE
A,D,183,0.0,6EQE
A,E,183,0.0,6EQE
A,F,183,0.0,6EQE
A,G,183,0.0,6EQE
A,H,183,0.0,6EQE
A,I,183,0.0,6EQE
A,K,183,0.0,6EQE
A,L,183,0.0,6EQE
A,M,183,0.0,6EQE
A,N,183,0.0,6EQE
A,P,183,0.0,6EQE
A,Q,183,0.0,6EQE
A,R,183,0.0,6EQE
A,S,183,0.0,6EQE
A,T,183,0.0,6EQE
A,V,183,0.0,6EQE
A,W,183,0.0,6EQE
A,Y,183,0.0,6EQE
P,A,184,0.0,6EQE
P,C,184,0.0,6EQE
P,D,184,0.0,6EQE
P,E,184,0.0,6EQE
P,F,184,0.0,6EQE
P,G,184,0.0,6EQE
P,H,184,0.0,6EQE
P,I,184,0.0,6EQE
P,K,184,0.0,6EQE
P,L,184,0.0,6EQE
P,M,184,0.0,6EQE
P,N,184,0.0,6EQE
P,Q,184,0.0,6EQE
P,R,184,0.0,6EQE
P,S,184,0.0,6EQE
P,T,184,0.0,6EQE
P,V,184,0.0,6EQE
P,W,184,0.0,6EQE
P,Y,184,0.0,6EQE
W,A,185,0.0,6EQE
W,C,185,0.0,6EQE
W,D,185,0.0,6EQE
W,E,185,0.0,6EQE
W,F,185,0.0,6EQE
W,G,185,0.0,6EQE
W,H,185,0.0,6EQE
W,I,185,0.0,6EQE
W,K,185,0.0,6EQE
W,L,185,0.0,6EQE
W,M,185,0.0,6EQE
W,N,185,0.0,6EQE
W,P,185,0.0,6EQE
W,Q,185,0.0,6EQE
W,R,185,0.0,6EQE
W,S,185,0.0,6EQE
W,T,185,0.0,6EQE
W,V,185,0.0,6EQE
W,Y,185,0.0,6EQE
D,A,186,0.0,6EQE
D,C,186,0.0,6EQE
D,E,186,0.0,6EQE
D,F,186,0.0,6EQE
D,G,186,0.0,6EQE
D,H,186,0.0,6EQE
D,I,186,0.0,6EQE
D,K,186,0.0,6EQE
D,L,186,0.0,6EQE
D,M,186,0.0,6EQE
D,N,186,0.0,6EQE
D,P,186,0.0,6EQE
D,Q,186,0.0,6EQE
D,R,186,0.0,6EQE
D,S,186,0.0,6EQE
D,T,186,0.0,6EQE
D,V,186,0.0,6EQE
D,W,186,0.0,6EQE
D,Y,186,0.0,6EQE
S,A,187,0.0,6EQE
S,C,187,0.0,6EQE
S,D,187,0.0,6EQE
S,E,187,0.0,6EQE
S,F,187,0.0,6EQE
S,G,187,0.0,6EQE
S,H,187,0.0,6EQE
S,I,187,0.0,6EQE
S,K,187,0.0,6EQE
S,L,187,0.0,6EQE
S,M,187,0.0,6EQE
S,N,187,0.0,6EQE
S,P,187,0.0,6EQE
S,Q,187,0.0,6EQE
S,R,187,0.0,6EQE
S,T,187,0.0,6EQE
S,V,187,0.0,6EQE
S,W,187,0.0,6EQE
S,Y,187,0.0,6EQE
S,A,188,0.0,6EQE
S,C,188,0.0,6EQE
S,D,188,0.0,6EQE
S,E,188,0.0,6EQE
S,F,188,0.0,6EQE
S,G,188,0.0,6EQE
S,H,188,0.0,6EQE
S,I,188,0.0,6EQE
S,K,188,0.0,6EQE
S,L,188,0.0,6EQE
S,M,188,0.0,6EQE
S,N,188,0.0,6EQE
S,P,188,0.0,6EQE
S,Q,188,0.0,6EQE
S,R,188,0.0,6EQE
S,T,188,0.0,6EQE
S,V,188,0.0,6EQE
S,W,188,0.0,6EQE
S,Y,188,0.0,6EQE
T,A,189,0.0,6EQE
T,C,189,0.0,6EQE
T,D,189,0.0,6EQE
T,E,189,0.0,6EQE
T,F,189,0.0,6EQE
T,G,189,0.0,6EQE
T,H,189,0.0,6EQE
T,I,189,0.0,6EQE
T,K,189,0.0,6EQE
T,L,189,0.0,6EQE
T,M,189,0.0,6EQE
T,N,189,0.0,6EQE
T,P,189,0.0,6EQE
T,Q,189,0.0,6EQE
T,R,189,0.0,6EQE
T,S,189,0.0,6EQE
T,V,189,0.0,6EQE
T,W,189,0.0,6EQE
T,Y,189,0.0,6EQE
N,A,190,0.0,6EQE
N,C,190,0.0,6EQE
N,D,190,0.0,6EQE
N,E,190,0.0,6EQE
N,F,190,0.0,6EQE
N,G,190,0.0,6EQE
N,H,190,0.0,6EQE
N,I,190,0.0,6EQE
N,K,190,0.0,6EQE
N,L,190,0.0,6EQE
N,M,190,0.0,6EQE
N,P,190,0.0,6EQE
N,Q,190,0.0,6EQE
N,R,190,0.0,6EQE
N,S,190,0.0,6EQE
N,T,190,0.0,6EQE
N,V,190,0.0,6EQE
N,W,190,0.0,6EQE
N,Y,190,0.0,6EQE
F,A,191,0.0,6EQE
F,C,191,0.0,6EQE
F,D,191,0.0,6EQE
F,E,191,0.0,6EQE
F,G,191,0.0,6EQE
F,H,191,0.0,6EQE
F,I,191,0.0,6EQE
F,K,191,0.0,6EQE
F,L,191,0.0,6EQE
F,M,191,0.0,6EQE
F,N,191,0.0,6EQE
F,P,191,0.0,6EQE
F,Q,191,0.0,6EQE
F,R,191,0.0,6EQE
F,S,191,0.0,6EQE
F,T,191,0.0,6EQE
F,V,191,0.0,6EQE
F,W,191,0.0,6EQE
F,Y,191,0.0,6EQE
S,A,192,0.0,6EQE
S,C,192,0.0,6EQE
S,D,192,0.0,6EQE
S,E,192,0.0,6EQE
S,F,192,0.0,6EQE
S,G,192,0.0,6EQE
S,H,192,0.0,6EQE
S,I,192,0.0,6EQE
S,K,192,0.0,6EQE
S,L,192,0.0,6EQE
S,M,192,0.0,6EQE
S,N,192,0.0,6EQE
S,P,192,0.0,6EQE
S,Q,192,0.0,6EQE
S,R,192,0.0,6EQE
S,T,192,0.0,6EQE
S,V,192,0.0,6EQE
S,W,192,0.0,6EQE
S,Y,192,0.0,6EQE
S,A,193,0.0,6EQE
S,C,193,0.0,6EQE
S,D,193,0.0,6EQE
S,E,193,0.0,6EQE
S,F,193,0.0,6EQE
S,G,193,0.0,6EQE
S,H,193,0.0,6EQE
S,I,193,0.0,6EQE
S,K,193,0.0,6EQE
S,L,193,0.0,6EQE
S,M,193,0.0,6EQE
S,N,193,0.0,6EQE
S,P,193,0.0,6EQE
S,Q,193,0.0,6EQE
S,R,193,0.0,6EQE
S,T,193,0.0,6EQE
S,V,193,0.0,6EQE
S,W,193,0.0,6EQE
S,Y,193,0.0,6EQE
V,A,194,0.0,6EQE
V,C,194,0.0,6EQE
V,D,194,0.0,6EQE
V,E,194,0.0,6EQE
V,F,194,0.0,6EQE
V,G,194,0.0,6EQE
V,H,194,0.0,6EQE
V,I,194,0.0,6EQE
V,K,194,0.0,6EQE
V,L,194,0.0,6EQE
V,M,194,0.0,6EQE
V,N,194,0.0,6EQE
V,P,194,0.0,6EQE
V,Q,194,0.0,6EQE
V,R,194,0.0,6EQE
V,S,194,0.0,6EQE
V,T,194,0.0,6EQE
V,W,194,0.0,6EQE
V,Y,194,0.0,6EQE
T,A,195,0.0,6EQE
T,C,195,0.0,6EQE
T,D,195,0.0,6EQE
T,E,195,0.0,6EQE
T,F,195,0.0,6EQE
T,G,195,0.0,6EQE
T,H,195,0.0,6EQE
T,I,195,0.0,6EQE
T,K,195,0.0,6EQE
T,L,195,0.0,6EQE
T,M,195,0.0,6EQE
T,N,195,0.0,6EQE
T,P,195,0.0,6EQE
T,Q,195,0.0,6EQE
T,R,195,0.0,6EQE
T,S,195,0.0,6EQE
T,V,195,0.0,6EQE
T,W,195,0.0,6EQE
T,Y,195,0.0,6EQE
V,A,196,0.0,6EQE
V,C,196,0.0,6EQE
V,D,196,0.0,6EQE
V,E,196,0.0,6EQE
V,F,196,0.0,6EQE
V,G,196,0.0,6EQE
V,H,196,0.0,6EQE
V,I,196,0.0,6EQE
V,K,196,0.0,6EQE
V,L,196,0.0,6EQE
V,M,196,0.0,6EQE
V,N,196,0.0,6EQE
V,P,196,0.0,6EQE
V,Q,196,0.0,6EQE
V,R,196,0.0,6EQE
V,S,196,0.0,6EQE
V,T,196,0.0,6EQE
V,W,196,0.0,6EQE
V,Y,196,0.0,6EQE
P,A,197,0.0,6EQE
P,C,197,0.0,6EQE
P,D,197,0.0,6EQE
P,E,197,0.0,6EQE
P,F,197,0.0,6EQE
P,G,197,0.0,6EQE
P,H,197,0.0,6EQE
P,I,197,0.0,6EQE
P,K,197,0.0,6EQE
P,L,197,0.0,6EQE
P,M,197,0.0,6EQE
P,N,197,0.0,6EQE
P,Q,197,0.0,6EQE
P,R,197,0.0,6EQE
P,S,197,0.0,6EQE
P,T,197,0.0,6EQE
P,V,197,0.0,6EQE
P,W,197,0.0,6EQE
P,Y,197,0.0,6EQE
T,A,198,0.0,6EQE
T,C,198,0.0,6EQE
T,D,198,0.0,6EQE
T,E,198,0.0,6EQE
T,F,198,0.0,6EQE
T,G,198,0.0,6EQE
T,H,198,0.0,6EQE
T,I,198,0.0,6EQE
T,K,198,0.0,6EQE
T,L,198,0.0,6EQE
T,M,198,0.0,6EQE
T,N,198,0.0,6EQE
T,P,198,0.0,6EQE
T,Q,198,0.0,6EQE
T,R,198,0.0,6EQE
T,S,198,0.0,6EQE
T,V,198,0.0,6EQE
T,W,198,0.0,6EQE
T,Y,198,0.0,6EQE
L,A,199,0.0,6EQE
L,C,199,0.0,6EQE
L,D,199,0.0,6EQE
L,E,199,0.0,6EQE
L,F,199,0.0,6EQE
L,G,199,0.0,6EQE
L,H,199,0.0,6EQE
L,I,199,0.0,6EQE
L,K,199,0.0,6EQE
L,M,199,0.0,6EQE
L,N,199,0.0,6EQE
L,P,199,0.0,6EQE
L,Q,199,0.0,6EQE
L,R,199,0.0,6EQE
L,S,199,0.0,6EQE
L,T,199,0.0,6EQE
L,V,199,0.0,6EQE
L,W,199,0.0,6EQE
L,Y,199,0.0,6EQE
I,A,200,0.0,6EQE
I,C,200,0.0,6EQE
I,D,200,0.0,6EQE
I,E,200,0.0,6EQE
I,F,200,0.0,6EQE
I,G,200,0.0,6EQE
I,H,200,0.0,6EQE
I,K,200,0.0,6EQE
I,L,200,0.0,6EQE
I,M,200,0.0,6EQE
I,N,200,0.0,6EQE
I,P,200,0.0,6EQE
I,Q,200,0.0,6EQE
I,R,200,0.0,6EQE
I,S,200,0.0,6EQE
I,T,200,0.0,6EQE
I,V,200,0.0,6EQE
I,W,200,0.0,6EQE
I,Y,200,0.0,6EQE
F,A,201,0.0,6EQE
F,C,201,0.0,6EQE
F,D,201,0.0,6EQE
F,E,201,0.0,6EQE
F,G,201,0.0,6EQE
F,H,201,0.0,6EQE
F,I,201,0.0,6EQE
F,K,201,0.0,6EQE
F,L,201,0.0,6EQE
F,M,201,0.0,6EQE
F,N,201,0.0,6EQE
F,P,201,0.0,6EQE
F,Q,201,0.0,6EQE
F,R,201,0.0,6EQE
F,S,201,0.0,6EQE
F,T,201,0.0,6EQE
F,V,201,0.0,6EQE
F,W,201,0.0,6EQE
F,Y,201,0.0,6EQE
A,C,202,0.0,6EQE
A,D,202,0.0,6EQE
A,E,202,0.0,6EQE
A,F,202,0.0,6EQE
A,G,202,0.0,6EQE
A,H,202,0.0,6EQE
A,I,202,0.0,6EQE
A,K,202,0.0,6EQE
A,L,202,0.0,6EQE
A,M,202,0.0,6EQE
A,N,202,0.0,6EQE
A,P,202,0.0,6EQE
A,Q,202,0.0,6EQE
A,R,202,0.0,6EQE
A,S,202,0.0,6EQE
A,T,202,0.0,6EQE
A,V,202,0.0,6EQE
A,W,202,0.0,6EQE
A,Y,202,0.0,6EQE
C,A,203,0.0,6EQE
C,D,203,0.0,6EQE
C,E,203,0.0,6EQE
C,F,203,0.0,6EQE
C,G,203,0.0,6EQE
C,H,203,0.0,6EQE
C,I,203,0.0,6EQE
C,K,203,0.0,6EQE
C,L,203,0.0,6EQE
C,M,203,0.0,6EQE
C,N,203,0.0,6EQE
C,P,203,0.0,6EQE
C,Q,203,0.0,6EQE
C,R,203,0.0,6EQE
C,S,203,0.0,6EQE
C,T,203,0.0,6EQE
C,V,203,0.0,6EQE
C,W,203,0.0,6EQE
C,Y,203,0.0,6EQE
E,A,204,0.0,6EQE
E,C,204,0.0,6EQE
E,D,204,0.0,6EQE
E,F,204,0.0,6EQE
E,G,204,0.0,6EQE
E,H,204,0.0,6EQE
E,I,204,0.0,6EQE
E,K,204,0.0,6EQE
E,L,204,0.0,6EQE
E,M,204,0.0,6EQE
E,N,204,0.0,6EQE
E,P,204,0.0,6EQE
E,Q,204,0.0,6EQE
E,R,204,0.0,6EQE
E,S,204,0.0,6EQE
E,T,204,0.0,6EQE
E,V,204,0.0,6EQE
E,W,204,0.0,6EQE
E,Y,204,0.0,6EQE
N,A,205,0.0,6EQE
N,C,205,0.0,6EQE
N,D,205,0.0,6EQE
N,E,205,0.0,6EQE
N,F,205,0.0,6EQE
N,G,205,0.0,6EQE
N,H,205,0.0,6EQE
N,I,205,0.0,6EQE
N,K,205,0.0,6EQE
N,L,205,0.0,6EQE
N,M,205,0.0,6EQE
N,P,205,0.0,6EQE
N,Q,205,0.0,6EQE
N,R,205,0.0,6EQE
N,S,205,0.0,6EQE
N,T,205,0.0,6EQE
N,V,205,0.0,6EQE
N,W,205,0.0,6EQE
N,Y,205,0.0,6EQE
S,A,207,0.0,6EQE
S,C,207,0.0,6EQE
S,D,207,0.0,6EQE
S,E,207,0.0,6EQE
S,F,207,0.0,6EQE
S,G,207,0.0,6EQE
S,H,207,0.0,6EQE
S,I,207,0.0,6EQE
S,K,207,0.0,6EQE
S,L,207,0.0,6EQE
S,M,207,0.0,6EQE
S,N,207,0.0,6EQE
S,P,207,0.0,6EQE
S,Q,207,0.0,6EQE
S,R,207,0.0,6EQE
S,T,207,0.0,6EQE
S,V,207,0.0,6EQE
S,W,207,0.0,6EQE
S,Y,207,0.0,6EQE
I,A,208,0.0,6EQE
I,C,208,0.0,6EQE
I,D,208,0.0,6EQE
I,E,208,0.0,6EQE
I,F,208,0.0,6EQE
I,G,208,0.0,6EQE
I,H,208,0.0,6EQE
I,K,208,0.0,6EQE
I,L,208,0.0,6EQE
I,M,208,0.0,6EQE
I,N,208,0.0,6EQE
I,P,208,0.0,6EQE
I,Q,208,0.0,6EQE
I,R,208,0.0,6EQE
I,S,208,0.0,6EQE
I,T,208,0.0,6EQE
I,V,208,0.0,6EQE
I,W,208,0.0,6EQE
I,Y,208,0.0,6EQE
A,C,209,0.0,6EQE
A,D,209,0.0,6EQE
A,E,209,0.0,6EQE
A,F,209,0.0,6EQE
A,G,209,0.0,6EQE
A,H,209,0.0,6EQE
A,I,209,0.0,6EQE
A,K,209,0.0,6EQE
A,L,209,0.0,6EQE
A,M,209,0.0,6EQE
A,N,209,0.0,6EQE
A,P,209,0.0,6EQE
A,Q,209,0.0,6EQE
A,R,209,0.0,6EQE
A,S,209,0.0,6EQE
A,T,209,0.0,6EQE
A,V,209,0.0,6EQE
A,W,209,0.0,6EQE
A,Y,209,0.0,6EQE
P,A,210,0.0,6EQE
P,C,210,0.0,6EQE
P,D,210,0.0,6EQE
P,E,210,0.0,6EQE
P,F,210,0.0,6EQE
P,G,210,0.0,6EQE
P,H,210,0.0,6EQE
P,I,210,0.0,6EQE
P,K,210,0.0,6EQE
P,L,210,0.0,6EQE
P,M,210,0.0,6EQE
P,N,210,0.0,6EQE
P,Q,210,0.0,6EQE
P,R,210,0.0,6EQE
P,S,210,0.0,6EQE
P,T,210,0.0,6EQE
P,V,210,0.0,6EQE
P,W,210,0.0,6EQE
P,Y,210,0.0,6EQE
V,A,211,0.0,6EQE
V,C,211,0.0,6EQE
V,D,211,0.0,6EQE
V,E,211,0.0,6EQE
V,F,211,0.0,6EQE
V,G,211,0.0,6EQE
V,H,211,0.0,6EQE
V,I,211,0.0,6EQE
V,K,211,0.0,6EQE
V,L,211,0.0,6EQE
V,M,211,0.0,6EQE
V,N,211,0.0,6EQE
V,P,211,0.0,6EQE
V,Q,211,0.0,6EQE
V,R,211,0.0,6EQE
V,S,211,0.0,6EQE
V,T,211,0.0,6EQE
V,W,211,0.0,6EQE
V,Y,211,0.0,6EQE
N,A,212,0.0,6EQE
N,C,212,0.0,6EQE
N,D,212,0.0,6EQE
N,E,212,0.0,6EQE
N,F,212,0.0,6EQE
N,G,212,0.0,6EQE
N,H,212,0.0,6EQE
N,I,212,0.0,6EQE
N,K,212,0.0,6EQE
N,L,212,0.0,6EQE
N,M,212,0.0,6EQE
N,P,212,0.0,6EQE
N,Q,212,0.0,6EQE
N,R,212,0.0,6EQE
N,S,212,0.0,6EQE
N,T,212,0.0,6EQE
N,V,212,0.0,6EQE
N,W,212,0.0,6EQE
N,Y,212,0.0,6EQE
S,A,213,0.0,6EQE
S,C,213,0.0,6EQE
S,D,213,0.0,6EQE
S,E,213,0.0,6EQE
S,F,213,0.0,6EQE
S,G,213,0.0,6EQE
S,H,213,0.0,6EQE
S,I,213,0.0,6EQE
S,K,213,0.0,6EQE
S,L,213,0.0,6EQE
S,M,213,0.0,6EQE
S,N,213,0.0,6EQE
S,P,213,0.0,6EQE
S,Q,213,0.0,6EQE
S,R,213,0.0,6EQE
S,T,213,0.0,6EQE
S,V,213,0.0,6EQE
S,W,213,0.0,6EQE
S,Y,213,0.0,6EQE
S,A,214,0.0,6EQE
S,C,214,0.0,6EQE
S,D,214,0.0,6EQE
S,E,214,0.0,6EQE
S,F,214,0.0,6EQE
S,G,214,0.0,6EQE
S,H,214,0.0,6EQE
S,I,214,0.0,6EQE
S,K,214,0.0,6EQE
S,L,214,0.0,6EQE
S,M,214,0.0,6EQE
S,N,214,0.0,6EQE
S,P,214,0.0,6EQE
S,Q,214,0.0,6EQE
S,R,214,0.0,6EQE
S,T,214,0.0,6EQE
S,V,214,0.0,6EQE
S,W,214,0.0,6EQE
S,Y,214,0.0,6EQE
A,C,215,0.0,6EQE
A,D,215,0.0,6EQE
A,E,215,0.0,6EQE
A,F,215,0.0,6EQE
A,G,215,0.0,6EQE
A,H,215,0.0,6EQE
A,I,215,0.0,6EQE
A,K,215,0.0,6EQE
A,L,215,0.0,6EQE
A,M,215,0.0,6EQE
A,N,215,0.0,6EQE
A,P,215,0.0,6EQE
A,Q,215,0.0,6EQE
A,R,215,0.0,6EQE
A,S,215,0.0,6EQE
A,T,215,0.0,6EQE
A,V,215,0.0,6EQE
A,W,215,0.0,6EQE
A,Y,215,0.0,6EQE
L,A,216,0.0,6EQE
L,C,216,0.0,6EQE
L,D,216,0.0,6EQE
L,E,216,0.0,6EQE
L,F,216,0.0,6EQE
L,G,216,0.0,6EQE
L,H,216,0.0,6EQE
L,I,216,0.0,6EQE
L,K,216,0.0,6EQE
L,M,216,0.0,6EQE
L,N,216,0.0,6EQE
L,P,216,0.0,6EQE
L,Q,216,0.0,6EQE
L,R,216,0.0,6EQE
L,S,216,0.0,6EQE
L,T,216,0.0,6EQE
L,V,216,0.0,6EQE
L,W,216,0.0,6EQE
L,Y,216,0.0,6EQE
P,A,217,0.0,6EQE
P,C,217,0.0,6EQE
P,D,217,0.0,6EQE
P,E,217,0.0,6EQE
P,F,217,0.0,6EQE
P,G,217,0.0,6EQE
P,H,217,0.0,6EQE
P,I,217,0.0,6EQE
P,K,217,0.0,6EQE
P,L,217,0.0,6EQE
P,M,217,0.0,6EQE
P,N,217,0.0,6EQE
P,Q,217,0.0,6EQE
P,R,217,0.0,6EQE
P,S,217,0.0,6EQE
P,T,217,0.0,6EQE
P,V,217,0.0,6EQE
P,W,217,0.0,6EQE
P,Y,217,0.0,6EQE
I,A,218,0.0,6EQE
I,C,218,0.0,6EQE
I,D,218,0.0,6EQE
I,E,218,0.0,6EQE
I,F,218,0.0,6EQE
I,G,218,0.0,6EQE
I,H,218,0.0,6EQE
I,K,218,0.0,6EQE
I,L,218,0.0,6EQE
I,M,218,0.0,6EQE
I,N,218,0.0,6EQE
I,P,218,0.0,6EQE
I,Q,218,0.0,6EQE
I,R,218,0.0,6EQE
I,S,218,0.0,6EQE
I,T,218,0.0,6EQE
I,V,218,0.0,6EQE
I,W,218,0.0,6EQE
I,Y,218,0.0,6EQE
Y,A,219,0.0,6EQE
Y,C,219,0.0,6EQE
Y,D,219,0.0,6EQE
Y,E,219,0.0,6EQE
Y,F,219,0.0,6EQE
Y,G,219,0.0,6EQE
Y,H,219,0.0,6EQE
Y,I,219,0.0,6EQE
Y,K,219,0.0,6EQE
Y,L,219,0.0,6EQE
Y,M,219,0.0,6EQE
Y,N,219,0.0,6EQE
Y,P,219,0.0,6EQE
Y,Q,219,0.0,6EQE
Y,R,219,0.0,6EQE
Y,S,219,0.0,6EQE
Y,T,219,0.0,6EQE
Y,V,219,0.0,6EQE
Y,W,219,0.0,6EQE
D,A,220,0.0,6EQE
D,C,220,0.0,6EQE
D,E,220,0.0,6EQE
D,F,220,0.0,6EQE
D,G,220,0.0,6EQE
D,H,220,0.0,6EQE
D,I,220,0.0,6EQE
D,K,220,0.0,6EQE
D,L,220,0.0,6EQE
D,M,220,0.0,6EQE
D,N,220,0.0,6EQE
D,P,220,0.0,6EQE
D,Q,220,0.0,6EQE
D,R,220,0.0,6EQE
D,S,220,0.0,6EQE
D,T,220,0.0,6EQE
D,V,220,0.0,6EQE
D,W,220,0.0,6EQE
D,Y,220,0.0,6EQE
S,A,221,0.0,6EQE
S,C,221,0.0,6EQE
S,D,221,0.0,6EQE
S,E,221,0.0,6EQE
S,F,221,0.0,6EQE
S,G,221,0.0,6EQE
S,H,221,0.0,6EQE
S,I,221,0.0,6EQE
S,K,221,0.0,6EQE
S,L,221,0.0,6EQE
S,M,221,0.0,6EQE
S,N,221,0.0,6EQE
S,P,221,0.0,6EQE
S,Q,221,0.0,6EQE
S,R,221,0.0,6EQE
S,T,221,0.0,6EQE
S,V,221,0.0,6EQE
S,W,221,0.0,6EQE
S,Y,221,0.0,6EQE
M,A,222,0.0,6EQE
M,C,222,0.0,6EQE
M,D,222,0.0,6EQE
M,E,222,0.0,6EQE
M,F,222,0.0,6EQE
M,G,222,0.0,6EQE
M,H,222,0.0,6EQE
M,I,222,0.0,6EQE
M,K,222,0.0,6EQE
M,L,222,0.0,6EQE
M,N,222,0.0,6EQE
M,P,222,0.0,6EQE
M,Q,222,0.0,6EQE
M,R,222,0.0,6EQE
M,S,222,0.0,6EQE
M,T,222,0.0,6EQE
M,V,222,0.0,6EQE
M,W,222,0.0,6EQE
M,Y,222,0.0,6EQE
S,A,223,0.0,6EQE
S,C,223,0.0,6EQE
S,D,223,0.0,6EQE
S,E,223,0.0,6EQE
S,F,223,0.0,6EQE
S,G,223,0.0,6EQE
S,H,223,0.0,6EQE
S,I,223,0.0,6EQE
S,K,223,0.0,6EQE
S,L,223,0.0,6EQE
S,M,223,0.0,6EQE
S,N,223,0.0,6EQE
S,P,223,0.0,6EQE
S,Q,223,0.0,6EQE
S,R,223,0.0,6EQE
S,T,223,0.0,6EQE
S,V,223,0.0,6EQE
S,W,223,0.0,6EQE
S,Y,223,0.0,6EQE
R,A,224,0.0,6EQE
R,C,224,0.0,6EQE
R,D,224,0.0,6EQE
R,E,224,0.0,6EQE
R,F,224,0.0,6EQE
R,G,224,0.0,6EQE
R,H,224,0.0,6EQE
R,I,224,0.0,6EQE
R,K,224,0.0,6EQE
R,L,224,0.0,6EQE
R,M,224,0.0,6EQE
R,N,224,0.0,6EQE
R,P,224,0.0,6EQE
R,Q,224,0.0,6EQE
R,S,224,0.0,6EQE
R,T,224,0.0,6EQE
R,V,224,0.0,6EQE
R,W,224,0.0,6EQE
R,Y,224,0.0,6EQE
N,A,225,0.0,6EQE
N,C,225,0.0,6EQE
N,D,225,0.0,6EQE
N,E,225,0.0,6EQE
N,F,225,0.0,6EQE
N,G,225,0.0,6EQE
N,H,225,0.0,6EQE
N,I,225,0.0,6EQE
N,K,225,0.0,6EQE
N,L,225,0.0,6EQE
N,M,225,0.0,6EQE
N,P,225,0.0,6EQE
N,Q,225,0.0,6EQE
N,R,225,0.0,6EQE
N,S,225,0.0,6EQE
N,T,225,0.0,6EQE
N,V,225,0.0,6EQE
N,W,225,0.0,6EQE
N,Y,225,0.0,6EQE
A,C,226,0.0,6EQE
A,D,226,0.0,6EQE
A,E,226,0.0,6EQE
A,F,226,0.0,6EQE
A,G,226,0.0,6EQE
A,H,226,0.0,6EQE
A,I,226,0.0,6EQE
A,K,226,0.0,6EQE
A,L,226,0.0,6EQE
A,M,226,0.0,6EQE
A,N,226,0.0,6EQE
A,P,226,0.0,6EQE
A,Q,226,0.0,6EQE
A,R,226,0.0,6EQE
A,S,226,0.0,6EQE
A,T,226,0.0,6EQE
A,V,226,0.0,6EQE
A,W,226,0.0,6EQE
A,Y,226,0.0,6EQE
K,A,227,0.0,6EQE
K,C,227,0.0,6EQE
K,D,227,0.0,6EQE
K,E,227,0.0,6EQE
K,F,227,0.0,6EQE
K,G,227,0.0,6EQE
K,H,227,0.0,6EQE
K,I,227,0.0,6EQE
K,L,227,0.0,6EQE
K,M,227,0.0,6EQE
K,N,227,0.0,6EQE
K,P,227,0.0,6EQE
K,Q,227,0.0,6EQE
K,R,227,0.0,6EQE
K,S,227,0.0,6EQE
K,T,227,0.0,6EQE
K,V,227,0.0,6EQE
K,W,227,0.0,6EQE
K,Y,227,0.0,6EQE
Q,A,228,0.0,6EQE
Q,C,228,0.0,6EQE
Q,D,228,0.0,6EQE
Q,E,228,0.0,6EQE
Q,F,228,0.0,6EQE
Q,G,228,0.0,6EQE
Q,H,228,0.0,6EQE
Q,I,228,0.0,6EQE
Q,K,228,0.0,6EQE
Q,L,228,0.0,6EQE
Q,M,228,0.0,6EQE
Q,N,228,0.0,6EQE
Q,P,228,0.0,6EQE
Q,R,228,0.0,6EQE
Q,S,228,0.0,6EQE
Q,T,228,0.0,6EQE
Q,V,228,0.0,6EQE
Q,W,228,0.0,6EQE
Q,Y,228,0.0,6EQE
F,A,229,0.0,6EQE
F,C,229,0.0,6EQE
F,D,229,0.0,6EQE
F,E,229,0.0,6EQE
F,G,229,0.0,6EQE
F,H,229,0.0,6EQE
F,I,229,0.0,6EQE
F,K,229,0.0,6EQE
F,L,229,0.0,6EQE
F,M,229,0.0,6EQE
F,N,229,0.0,6EQE
F,P,229,0.0,6EQE
F,Q,229,0.0,6EQE
F,R,229,0.0,6EQE
F,S,229,0.0,6EQE
F,T,229,0.0,6EQE
F,V,229,0.0,6EQE
F,W,229,0.0,6EQE
F,Y,229,0.0,6EQE
L,A,230,0.0,6EQE
L,C,230,0.0,6EQE
L,D,230,0.0,6EQE
L,E,230,0.0,6EQE
L,F,230,0.0,6EQE
L,G,230,0.0,6EQE
L,H,230,0.0,6EQE
L,I,230,0.0,6EQE
L,K,230,0.0,6EQE
L,M,230,0.0,6EQE
L,N,230,0.0,6EQE
L,P,230,0.0,6EQE
L,Q,230,0.0,6EQE
L,R,230,0.0,6EQE
L,S,230,0.0,6EQE
L,T,230,0.0,6EQE
L,V,230,0.0,6EQE
L,W,230,0.0,6EQE
L,Y,230,0.0,6EQE
E,A,231,0.0,6EQE
E,C,231,0.0,6EQE
E,D,231,0.0,6EQE
E,F,231,0.0,6EQE
E,G,231,0.0,6EQE
E,H,231,0.0,6EQE
E,I,231,0.0,6EQE
E,K,231,0.0,6EQE
E,L,231,0.0,6EQE
E,M,231,0.0,6EQE
E,N,231,0.0,6EQE
E,P,231,0.0,6EQE
E,Q,231,0.0,6EQE
E,R,231,0.0,6EQE
E,S,231,0.0,6EQE
E,T,231,0.0,6EQE
E,V,231,0.0,6EQE
E,W,231,0.0,6EQE
E,Y,231,0.0,6EQE
I,A,232,0.0,6EQE
I,C,232,0.0,6EQE
I,D,232,0.0,6EQE
I,E,232,0.0,6EQE
I,F,232,0.0,6EQE
I,G,232,0.0,6EQE
I,H,232,0.0,6EQE
I,K,232,0.0,6EQE
I,L,232,0.0,6EQE
I,M,232,0.0,6EQE
I,N,232,0.0,6EQE
I,P,232,0.0,6EQE
I,Q,232,0.0,6EQE
I,R,232,0.0,6EQE
I,S,232,0.0,6EQE
I,T,232,0.0,6EQE
I,V,232,0.0,6EQE
I,W,232,0.0,6EQE
I,Y,232,0.0,6EQE
N,A,233,0.0,6EQE
N,C,233,0.0,6EQE
N,D,233,0.0,6EQE
N,E,233,0.0,6EQE
N,F,233,0.0,6EQE
N,G,233,0.0,6EQE
N,H,233,0.0,6EQE
N,I,233,0.0,6EQE
N,K,233,0.0,6EQE
N,L,233,0.0,6EQE
N,M,233,0.0,6EQE
N,P,233,0.0,6EQE
N,Q,233,0.0,6EQE
N,R,233,0.0,6EQE
N,S,233,0.0,6EQE
N,T,233,0.0,6EQE
N,V,233,0.0,6EQE
N,W,233,0.0,6EQE
N,Y,233,0.0,6EQE
G,A,234,0.0,6EQE
G,C,234,0.0,6EQE
G,D,234,0.0,6EQE
G,E,234,0.0,6EQE
G,F,234,0.0,6EQE
G,H,234,0.0,6EQE
G,I,234,0.0,6EQE
G,K,234,0.0,6EQE
G,L,234,0.0,6EQE
G,M,234,0.0,6EQE
G,N,234,0.0,6EQE
G,P,234,0.0,6EQE
G,Q,234,0.0,6EQE
G,R,234,0.0,6EQE
G,S,234,0.0,6EQE
G,T,234,0.0,6EQE
G,V,234,0.0,6EQE
G,W,234,0.0,6EQE
G,Y,234,0.0,6EQE
G,A,235,0.0,6EQE
G,C,235,0.0,6EQE
G,D,235,0.0,6EQE
G,E,235,0.0,6EQE
G,F,235,0.0,6EQE
G,H,235,0.0,6EQE
G,I,235,0.0,6EQE
G,K,235,0.0,6EQE
G,L,235,0.0,6EQE
G,M,235,0.0,6EQE
G,N,235,0.0,6EQE
G,P,235,0.0,6EQE
G,Q,235,0.0,6EQE
G,R,235,0.0,6EQE
G,S,235,0.0,6EQE
G,T,235,0.0,6EQE
G,V,235,0.0,6EQE
G,W,235,0.0,6EQE
G,Y,235,0.0,6EQE
S,A,236,0.0,6EQE
S,C,236,0.0,6EQE
S,D,236,0.0,6EQE
S,E,236,0.0,6EQE
S,F,236,0.0,6EQE
S,G,236,0.0,6EQE
S,H,236,0.0,6EQE
S,I,236,0.0,6EQE
S,K,236,0.0,6EQE
S,L,236,0.0,6EQE
S,M,236,0.0,6EQE
S,N,236,0.0,6EQE
S,P,236,0.0,6EQE
S,Q,236,0.0,6EQE
S,R,236,0.0,6EQE
S,T,236,0.0,6EQE
S,V,236,0.0,6EQE
S,W,236,0.0,6EQE
S,Y,236,0.0,6EQE
S,A,238,0.0,6EQE
S,C,238,0.0,6EQE
S,D,238,0.0,6EQE
S,E,238,0.0,6EQE
S,F,238,0.0,6EQE
S,G,238,0.0,6EQE
S,H,238,0.0,6EQE
S,I,238,0.0,6EQE
S,K,238,0.0,6EQE
S,L,238,0.0,6EQE
S,M,238,0.0,6EQE
S,N,238,0.0,6EQE
S,P,238,0.0,6EQE
S,Q,238,0.0,6EQE
S,R,238,0.0,6EQE
S,T,238,0.0,6EQE
S,V,238,0.0,6EQE
S,W,238,0.0,6EQE
S,Y,238,0.0,6EQE
C,A,239,0.0,6EQE
C,D,239,0.0,6EQE
C,E,239,0.0,6EQE
C,F,239,0.0,6EQE
C,G,239,0.0,6EQE
C,H,239,0.0,6EQE
C,I,239,0.0,6EQE
C,K,239,0.0,6EQE
C,L,239,0.0,6EQE
C,M,239,0.0,6EQE
C,N,239,0.0,6EQE
C,P,239,0.0,6EQE
C,Q,239,0.0,6EQE
C,R,239,0.0,6EQE
C,S,239,0.0,6EQE
C,T,239,0.0,6EQE
C,V,239,0.0,6EQE
C,W,239,0.0,6EQE
C,Y,239,0.0,6EQE
A,C,240,0.0,6EQE
A,D,240,0.0,6EQE
A,E,240,0.0,6EQE
A,F,240,0.0,6EQE
A,G,240,0.0,6EQE
A,H,240,0.0,6EQE
A,I,240,0.0,6EQE
A,K,240,0.0,6EQE
A,L,240,0.0,6EQE
A,M,240,0.0,6EQE
A,N,240,0.0,6EQE
A,P,240,0.0,6EQE
A,Q,240,0.0,6EQE
A,R,240,0.0,6EQE
A,S,240,0.0,6EQE
A,T,240,0.0,6EQE
A,V,240,0.0,6EQE
A,W,240,0.0,6EQE
A,Y,240,0.0,6EQE
N,A,241,0.0,6EQE
N,C,241,0.0,6EQE
N,D,241,0.0,6EQE
N,E,241,0.0,6EQE
N,F,241,0.0,6EQE
N,G,241,0.0,6EQE
N,H,241,0.0,6EQE
N,I,241,0.0,6EQE
N,K,241,0.0,6EQE
N,L,241,0.0,6EQE
N,M,241,0.0,6EQE
N,P,241,0.0,6EQE
N,Q,241,0.0,6EQE
N,R,241,0.0,6EQE
N,S,241,0.0,6EQE
N,T,241,0.0,6EQE
N,V,241,0.0,6EQE
N,W,241,0.0,6EQE
N,Y,241,0.0,6EQE
S,A,242,0.0,6EQE
S,C,242,0.0,6EQE
S,D,242,0.0,6EQE
S,E,242,0.0,6EQE
S,F,242,0.0,6EQE
S,G,242,0.0,6EQE
S,H,242,0.0,6EQE
S,I,242,0.0,6EQE
S,K,242,0.0,6EQE
S,L,242,0.0,6EQE
S,M,242,0.0,6EQE
S,N,242,0.0,6EQE
S,P,242,0.0,6EQE
S,Q,242,0.0,6EQE
S,R,242,0.0,6EQE
S,T,242,0.0,6EQE
S,V,242,0.0,6EQE
S,W,242,0.0,6EQE
S,Y,242,0.0,6EQE
G,A,243,0.0,6EQE
G,C,243,0.0,6EQE
G,D,243,0.0,6EQE
G,E,243,0.0,6EQE
G,F,243,0.0,6EQE
G,H,243,0.0,6EQE
G,I,243,0.0,6EQE
G,K,243,0.0,6EQE
G,L,243,0.0,6EQE
G,M,243,0.0,6EQE
G,N,243,0.0,6EQE
G,P,243,0.0,6EQE
G,Q,243,0.0,6EQE
G,R,243,0.0,6EQE
G,S,243,0.0,6EQE
G,T,243,0.0,6EQE
G,V,243,0.0,6EQE
G,W,243,0.0,6EQE
G,Y,243,0.0,6EQE
N,A,244,0.0,6EQE
N,C,244,0.0,6EQE
N,D,244,0.0,6EQE
N,E,244,0.0,6EQE
N,F,244,0.0,6EQE
N,G,244,0.0,6EQE
N,H,244,0.0,6EQE
N,I,244,0.0,6EQE
N,K,244,0.0,6EQE
N,L,244,0.0,6EQE
N,M,244,0.0,6EQE
N,P,244,0.0,6EQE
N,Q,244,0.0,6EQE
N,R,244,0.0,6EQE
N,S,244,0.0,6EQE
N,T,244,0.0,6EQE
N,V,244,0.0,6EQE
N,W,244,0.0,6EQE
N,Y,244,0.0,6EQE
S,A,245,0.0,6EQE
S,C,245,0.0,6EQE
S,D,245,0.0,6EQE
S,E,245,0.0,6EQE
S,F,245,0.0,6EQE
S,G,245,0.0,6EQE
S,H,245,0.0,6EQE
S,I,245,0.0,6EQE
S,K,245,0.0,6EQE
S,L,245,0.0,6EQE
S,M,245,0.0,6EQE
S,N,245,0.0,6EQE
S,P,245,0.0,6EQE
S,Q,245,0.0,6EQE
S,R,245,0.0,6EQE
S,T,245,0.0,6EQE
S,V,245,0.0,6EQE
S,W,245,0.0,6EQE
S,Y,245,0.0,6EQE
N,A,246,0.0,6EQE
N,C,246,0.0,6EQE
N,D,246,0.0,6EQE
N,E,246,0.0,6EQE
N,F,246,0.0,6EQE
N,G,246,0.0,6EQE
N,H,246,0.0,6EQE
N,I,246,0.0,6EQE
N,K,246,0.0,6EQE
N,L,246,0.0,6EQE
N,M,246,0.0,6EQE
N,P,246,0.0,6EQE
N,Q,246,0.0,6EQE
N,R,246,0.0,6EQE
N,S,246,0.0,6EQE
N,T,246,0.0,6EQE
N,V,246,0.0,6EQE
N,W,246,0.0,6EQE
N,Y,246,0.0,6EQE
Q,A,247,0.0,6EQE
Q,C,247,0.0,6EQE
Q,D,247,0.0,6EQE
Q,E,247,0.0,6EQE
Q,F,247,0.0,6EQE
Q,G,247,0.0,6EQE
Q,H,247,0.0,6EQE
Q,I,247,0.0,6EQE
Q,K,247,0.0,6EQE
Q,L,247,0.0,6EQE
Q,M,247,0.0,6EQE
Q,N,247,0.0,6EQE
Q,P,247,0.0,6EQE
Q,R,247,0.0,6EQE
Q,S,247,0.0,6EQE
Q,T,247,0.0,6EQE
Q,V,247,0.0,6EQE
Q,W,247,0.0,6EQE
Q,Y,247,0.0,6EQE
A,C,248,0.0,6EQE
A,D,248,0.0,6EQE
A,E,248,0.0,6EQE
A,F,248,0.0,6EQE
A,G,248,0.0,6EQE
A,H,248,0.0,6EQE
A,I,248,0.0,6EQE
A,K,248,0.0,6EQE
A,L,248,0.0,6EQE
A,M,248,0.0,6EQE
A,N,248,0.0,6EQE
A,P,248,0.0,6EQE
A,Q,248,0.0,6EQE
A,R,248,0.0,6EQE
A,S,248,0.0,6EQE
A,T,248,0.0,6EQE
A,V,248,0.0,6EQE
A,W,248,0.0,6EQE
A,Y,248,0.0,6EQE
L,A,249,0.0,6EQE
L,C,249,0.0,6EQE
L,D,249,0.0,6EQE
L,E,249,0.0,6EQE
L,F,249,0.0,6EQE
L,G,249,0.0,6EQE
L,H,249,0.0,6EQE
L,I,249,0.0,6EQE
L,K,249,0.0,6EQE
L,M,249,0.0,6EQE
L,N,249,0.0,6EQE
L,P,249,0.0,6EQE
L,Q,249,0.0,6EQE
L,R,249,0.0,6EQE
L,S,249,0.0,6EQE
L,T,249,0.0,6EQE
L,V,249,0.0,6EQE
L,W,249,0.0,6EQE
L,Y,249,0.0,6EQE
I,A,250,0.0,6EQE
I,C,250,0.0,6EQE
I,D,250,0.0,6EQE
I,E,250,0.0,6EQE
I,F,250,0.0,6EQE
I,G,250,0.0,6EQE
I,H,250,0.0,6EQE
I,K,250,0.0,6EQE
I,L,250,0.0,6EQE
I,M,250,0.0,6EQE
I,N,250,0.0,6EQE
I,P,250,0.0,6EQE
I,Q,250,0.0,6EQE
I,R,250,0.0,6EQE
I,S,250,0.0,6EQE
I,T,250,0.0,6EQE
I,V,250,0.0,6EQE
I,W,250,0.0,6EQE
I,Y,250,0.0,6EQE
G,A,251,0.0,6EQE
G,C,251,0.0,6EQE
G,D,251,0.0,6EQE
G,E,251,0.0,6EQE
G,F,251,0.0,6EQE
G,H,251,0.0,6EQE
G,I,251,0.0,6EQE
G,K,251,0.0,6EQE
G,L,251,0.0,6EQE
G,M,251,0.0,6EQE
G,N,251,0.0,6EQE
G,P,251,0.0,6EQE
G,Q,251,0.0,6EQE
G,R,251,0.0,6EQE
G,S,251,0.0,6EQE
G,T,251,0.0,6EQE
G,V,251,0.0,6EQE
G,W,251,0.0,6EQE
G,Y,251,0.0,6EQE
K,A,252,0.0,6EQE
K,C,252,0.0,6EQE
K,D,252,0.0,6EQE
K,E,252,0.0,6EQE
K,F,252,0.0,6EQE
K,G,252,0.0,6EQE
K,H,252,0.0,6EQE
K,I,252,0.0,6EQE
K,L,252,0.0,6EQE
K,M,252,0.0,6EQE
K,N,252,0.0,6EQE
K,P,252,0.0,6EQE
K,Q,252,0.0,6EQE
K,R,252,0.0,6EQE
K,S,252,0.0,6EQE
K,T,252,0.0,6EQE
K,V,252,0.0,6EQE
K,W,252,0.0,6EQE
K,Y,252,0.0,6EQE
K,A,253,0.0,6EQE
K,C,253,0.0,6EQE
K,D,253,0.0,6EQE
K,E,253,0.0,6EQE
K,F,253,0.0,6EQE
K,G,253,0.0,6EQE
K,H,253,0.0,6EQE
K,I,253,0.0,6EQE
K,L,253,0.0,6EQE
K,M,253,0.0,6EQE
K,N,253,0.0,6EQE
K,P,253,0.0,6EQE
K,Q,253,0.0,6EQE
K,R,253,0.0,6EQE
K,S,253,0.0,6EQE
K,T,253,0.0,6EQE
K,V,253,0.0,6EQE
K,W,253,0.0,6EQE
K,Y,253,0.0,6EQE
G,A,254,0.0,6EQE
G,C,254,0.0,6EQE
G,D,254,0.0,6EQE
G,E,254,0.0,6EQE
G,F,254,0.0,6EQE
G,H,254,0.0,6EQE
G,I,254,0.0,6EQE
G,K,254,0.0,6EQE
G,L,254,0.0,6EQE
G,M,254,0.0,6EQE
G,N,254,0.0,6EQE
G,P,254,0.0,6EQE
G,Q,254,0.0,6EQE
G,R,254,0.0,6EQE
G,S,254,0.0,6EQE
G,T,254,0.0,6EQE
G,V,254,0.0,6EQE
G,W,254,0.0,6EQE
G,Y,254,0.0,6EQE
V,A,255,0.0,6EQE
V,C,255,0.0,6EQE
V,D,255,0.0,6EQE
V,E,255,0.0,6EQE
V,F,255,0.0,6EQE
V,G,255,0.0,6EQE
V,H,255,0.0,6EQE
V,I,255,0.0,6EQE
V,K,255,0.0,6EQE
V,L,255,0.0,6EQE
V,M,255,0.0,6EQE
V,N,255,0.0,6EQE
V,P,255,0.0,6EQE
V,Q,255,0.0,6EQE
V,R,255,0.0,6EQE
V,S,255,0.0,6EQE
V,T,255,0.0,6EQE
V,W,255,0.0,6EQE
V,Y,255,0.0,6EQE
A,C,256,0.0,6EQE
A,D,256,0.0,6EQE
A,E,256,0.0,6EQE
A,F,256,0.0,6EQE
A,G,256,0.0,6EQE
A,H,256,0.0,6EQE
A,I,256,0.0,6EQE
A,K,256,0.0,6EQE
A,L,256,0.0,6EQE
A,M,256,0.0,6EQE
A,N,256,0.0,6EQE
A,P,256,0.0,6EQE
A,Q,256,0.0,6EQE
A,R,256,0.0,6EQE
A,S,256,0.0,6EQE
A,T,256,0.0,6EQE
A,V,256,0.0,6EQE
A,W,256,0.0,6EQE
A,Y,256,0.0,6EQE
W,A,257,0.0,6EQE
W,C,257,0.0,6EQE
W,D,257,0.0,6EQE
W,E,257,0.0,6EQE
W,F,257,0.0,6EQE
W,G,257,0.0,6EQE
W,H,257,0.0,6EQE
W,I,257,0.0,6EQE
W,K,257,0.0,6EQE
W,L,257,0.0,6EQE
W,M,257,0.0,6EQE
W,N,257,0.0,6EQE
W,P,257,0.0,6EQE
W,Q,257,0.0,6EQE
W,R,257,0.0,6EQE
W,S,257,0.0,6EQE
W,T,257,0.0,6EQE
W,V,257,0.0,6EQE
W,Y,257,0.0,6EQE
M,A,258,0.0,6EQE
M,C,258,0.0,6EQE
M,D,258,0.0,6EQE
M,E,258,0.0,6EQE
M,F,258,0.0,6EQE
M,G,258,0.0,6EQE
M,H,258,0.0,6EQE
M,I,258,0.0,6EQE
M,K,258,0.0,6EQE
M,L,258,0.0,6EQE
M,N,258,0.0,6EQE
M,P,258,0.0,6EQE
M,Q,258,0.0,6EQE
M,R,258,0.0,6EQE
M,S,258,0.0,6EQE
M,T,258,0.0,6EQE
M,V,258,0.0,6EQE
M,W,258,0.0,6EQE
M,Y,258,0.0,6EQE
K,A,259,0.0,6EQE
K,C,259,0.0,6EQE
K,D,259,0.0,6EQE
K,E,259,0.0,6EQE
K,F,259,0.0,6EQE
K,G,259,0.0,6EQE
K,H,259,0.0,6EQE
K,I,259,0.0,6EQE
K,L,259,0.0,6EQE
K,M,259,0.0,6EQE
K,N,259,0.0,6EQE
K,P,259,0.0,6EQE
K,Q,259,0.0,6EQE
K,R,259,0.0,6EQE
K,S,259,0.0,6EQE
K,T,259,0.0,6EQE
K,V,259,0.0,6EQE
K,W,259,0.0,6EQE
K,Y,259,0.0,6EQE
R,A,260,0.0,6EQE
R,C,260,0.0,6EQE
R,D,260,0.0,6EQE
R,E,260,0.0,6EQE
R,F,260,0.0,6EQE
R,G,260,0.0,6EQE
R,H,260,0.0,6EQE
R,I,260,0.0,6EQE
R,K,260,0.0,6EQE
R,L,260,0.0,6EQE
R,M,260,0.0,6EQE
R,N,260,0.0,6EQE
R,P,260,0.0,6EQE
R,Q,260,0.0,6EQE
R,S,260,0.0,6EQE
R,T,260,0.0,6EQE
R,V,260,0.0,6EQE
R,W,260,0.0,6EQE
R,Y,260,0.0,6EQE
F,A,261,0.0,6EQE
F,C,261,0.0,6EQE
F,D,261,0.0,6EQE
F,E,261,0.0,6EQE
F,G,261,0.0,6EQE
F,H,261,0.0,6EQE
F,I,261,0.0,6EQE
F,K,261,0.0,6EQE
F,L,261,0.0,6EQE
F,M,261,0.0,6EQE
F,N,261,0.0,6EQE
F,P,261,0.0,6EQE
F,Q,261,0.0,6EQE
F,R,261,0.0,6EQE
F,S,261,0.0,6EQE
F,T,261,0.0,6EQE
F,V,261,0.0,6EQE
F,W,261,0.0,6EQE
F,Y,261,0.0,6EQE
M,A,262,0.0,6EQE
M,C,262,0.0,6EQE
M,D,262,0.0,6EQE
M,E,262,0.0,6EQE
M,F,262,0.0,6EQE
M,G,262,0.0,6EQE
M,H,262,0.0,6EQE
M,I,262,0.0,6EQE
M,K,262,0.0,6EQE
M,L,262,0.0,6EQE
M,N,262,0.0,6EQE
M,P,262,0.0,6EQE
M,Q,262,0.0,6EQE
M,R,262,0.0,6EQE
M,S,262,0.0,6EQE
M,T,262,0.0,6EQE
M,V,262,0.0,6EQE
M,W,262,0.0,6EQE
M,Y,262,0.0,6EQE
D,A,263,0.0,6EQE
D,C,263,0.0,6EQE
D,E,263,0.0,6EQE
D,F,263,0.0,6EQE
D,G,263,0.0,6EQE
D,H,263,0.0,6EQE
D,I,263,0.0,6EQE
D,K,263,0.0,6EQE
D,L,263,0.0,6EQE
D,M,263,0.0,6EQE
D,N,263,0.0,6EQE
D,P,263,0.0,6EQE
D,Q,263,0.0,6EQE
D,R,263,0.0,6EQE
D,S,263,0.0,6EQE
D,T,263,0.0,6EQE
D,V,263,0.0,6EQE
D,W,263,0.0,6EQE
D,Y,263,0.0,6EQE
N,A,264,0.0,6EQE
N,C,264,0.0,6EQE
N,D,264,0.0,6EQE
N,E,264,0.0,6EQE
N,F,264,0.0,6EQE
N,G,264,0.0,6EQE
N,H,264,0.0,6EQE
N,I,264,0.0,6EQE
N,K,264,0.0,6EQE
N,L,264,0.0,6EQE
N,M,264,0.0,6EQE
N,P,264,0.0,6EQE
N,Q,264,0.0,6EQE
N,R,264,0.0,6EQE
N,S,264,0.0,6EQE
N,T,264,0.0,6EQE
N,V,264,0.0,6EQE
N,W,264,0.0,6EQE
N,Y,264,0.0,6EQE
D,A,265,0.0,6EQE
D,C,265,0.0,6EQE
D,E,265,0.0,6EQE
D,F,265,0.0,6EQE
D,G,265,0.0,6EQE
D,H,265,0.0,6EQE
D,I,265,0.0,6EQE
D,K,265,0.0,6EQE
D,L,265,0.0,6EQE
D,M,265,0.0,6EQE
D,N,265,0.0,6EQE
D,P,265,0.0,6EQE
D,Q,265,0.0,6EQE
D,R,265,0.0,6EQE
D,S,265,0.0,6EQE
D,T,265,0.0,6EQE
D,V,265,0.0,6EQE
D,W,265,0.0,6EQE
D,Y,265,0.0,6EQE
T,A,266,0.0,6EQE
T,C,266,0.0,6EQE
T,D,266,0.0,6EQE
T,E,266,0.0,6EQE
T,F,266,0.0,6EQE
T,G,266,0.0,6EQE
T,H,266,0.0,6EQE
T,I,266,0.0,6EQE
T,K,266,0.0,6EQE
T,L,266,0.0,6EQE
T,M,266,0.0,6EQE
T,N,266,0.0,6EQE
T,P,266,0.0,6EQE
T,Q,266,0.0,6EQE
T,R,266,0.0,6EQE
T,S,266,0.0,6EQE
T,V,266,0.0,6EQE
T,W,266,0.0,6EQE
T,Y,266,0.0,6EQE
R,A,267,0.0,6EQE
R,C,267,0.0,6EQE
R,D,267,0.0,6EQE
R,E,267,0.0,6EQE
R,F,267,0.0,6EQE
R,G,267,0.0,6EQE
R,H,267,0.0,6EQE
R,I,267,0.0,6EQE
R,K,267,0.0,6EQE
R,L,267,0.0,6EQE
R,M,267,0.0,6EQE
R,N,267,0.0,6EQE
R,P,267,0.0,6EQE
R,Q,267,0.0,6EQE
R,S,267,0.0,6EQE
R,T,267,0.0,6EQE
R,V,267,0.0,6EQE
R,W,267,0.0,6EQE
R,Y,267,0.0,6EQE
Y,A,268,0.0,6EQE
Y,C,268,0.0,6EQE
Y,D,268,0.0,6EQE
Y,E,268,0.0,6EQE
Y,F,268,0.0,6EQE
Y,G,268,0.0,6EQE
Y,H,268,0.0,6EQE
Y,I,268,0.0,6EQE
Y,K,268,0.0,6EQE
Y,L,268,0.0,6EQE
Y,M,268,0.0,6EQE
Y,N,268,0.0,6EQE
Y,P,268,0.0,6EQE
Y,Q,268,0.0,6EQE
Y,R,268,0.0,6EQE
Y,S,268,0.0,6EQE
Y,T,268,0.0,6EQE
Y,V,268,0.0,6EQE
Y,W,268,0.0,6EQE
S,A,269,0.0,6EQE
S,C,269,0.0,6EQE
S,D,269,0.0,6EQE
S,E,269,0.0,6EQE
S,F,269,0.0,6EQE
S,G,269,0.0,6EQE
S,H,269,0.0,6EQE
S,I,269,0.0,6EQE
S,K,269,0.0,6EQE
S,L,269,0.0,6EQE
S,M,269,0.0,6EQE
S,N,269,0.0,6EQE
S,P,269,0.0,6EQE
S,Q,269,0.0,6EQE
S,R,269,0.0,6EQE
S,T,269,0.0,6EQE
S,V,269,0.0,6EQE
S,W,269,0.0,6EQE
S,Y,269,0.0,6EQE
T,A,270,0.0,6EQE
T,C,270,0.0,6EQE
T,D,270,0.0,6EQE
T,E,270,0.0,6EQE
T,F,270,0.0,6EQE
T,G,270,0.0,6EQE
T,H,270,0.0,6EQE
T,I,270,0.0,6EQE
T,K,270,0.0,6EQE
T,L,270,0.0,6EQE
T,M,270,0.0,6EQE
T,N,270,0.0,6EQE
T,P,270,0.0,6EQE
T,Q,270,0.0,6EQE
T,R,270,0.0,6EQE
T,S,270,0.0,6EQE
T,V,270,0.0,6EQE
T,W,270,0.0,6EQE
T,Y,270,0.0,6EQE
F,A,271,0.0,6EQE
F,C,271,0.0,6EQE
F,D,271,0.0,6EQE
F,E,271,0.0,6EQE
F,G,271,0.0,6EQE
F,H,271,0.0,6EQE
F,I,271,0.0,6EQE
F,K,271,0.0,6EQE
F,L,271,0.0,6EQE
F,M,271,0.0,6EQE
F,N,271,0.0,6EQE
F,P,271,0.0,6EQE
F,Q,271,0.0,6EQE
F,R,271,0.0,6EQE
F,S,271,0.0,6EQE
F,T,271,0.0,6EQE
F,V,271,0.0,6EQE
F,W,271,0.0,6EQE
F,Y,271,0.0,6EQE
A,C,272,0.0,6EQE
A,D,272,0.0,6EQE
A,E,272,0.0,6EQE
A,F,272,0.0,6EQE
A,G,272,0.0,6EQE
A,H,272,0.0,6EQE
A,I,272,0.0,6EQE
A,K,272,0.0,6EQE
A,L,272,0.0,6EQE
A,M,272,0.0,6EQE
A,N,272,0.0,6EQE
A,P,272,0.0,6EQE
A,Q,272,0.0,6EQE
A,R,272,0.0,6EQE
A,S,272,0.0,6EQE
A,T,272,0.0,6EQE
A,V,272,0.0,6EQE
A,W,272,0.0,6EQE
A,Y,272,0.0,6EQE
C,A,273,0.0,6EQE
C,D,273,0.0,6EQE
C,E,273,0.0,6EQE
C,F,273,0.0,6EQE
C,G,273,0.0,6EQE
C,H,273,0.0,6EQE
C,I,273,0.0,6EQE
C,K,273,0.0,6EQE
C,L,273,0.0,6EQE
C,M,273,0.0,6EQE
C,N,273,0.0,6EQE
C,P,273,0.0,6EQE
C,Q,273,0.0,6EQE
C,R,273,0.0,6EQE
C,S,273,0.0,6EQE
C,T,273,0.0,6EQE
C,V,273,0.0,6EQE
C,W,273,0.0,6EQE
C,Y,273,0.0,6EQE
E,A,274,0.0,6EQE
E,C,274,0.0,6EQE
E,D,274,0.0,6EQE
E,F,274,0.0,6EQE
E,G,274,0.0,6EQE
E,H,274,0.0,6EQE
E,I,274,0.0,6EQE
E,K,274,0.0,6EQE
E,L,274,0.0,6EQE
E,M,274,0.0,6EQE
E,N,274,0.0,6EQE
E,P,274,0.0,6EQE
E,Q,274,0.0,6EQE
E,R,274,0.0,6EQE
E,S,274,0.0,6EQE
E,T,274,0.0,6EQE
E,V,274,0.0,6EQE
E,W,274,0.0,6EQE
E,Y,274,0.0,6EQE
N,A,275,0.0,6EQE
N,C,275,0.0,6EQE
N,D,275,0.0,6EQE
N,E,275,0.0,6EQE
N,F,275,0.0,6EQE
N,G,275,0.0,6EQE
N,H,275,0.0,6EQE
N,I,275,0.0,6EQE
N,K,275,0.0,6EQE
N,L,275,0.0,6EQE
N,M,275,0.0,6EQE
N,P,275,0.0,6EQE
N,Q,275,0.0,6EQE
N,R,275,0.0,6EQE
N,S,275,0.0,6EQE
N,T,275,0.0,6EQE
N,V,275,0.0,6EQE
N,W,275,0.0,6EQE
N,Y,275,0.0,6EQE
P,A,276,0.0,6EQE
P,C,276,0.0,6EQE
P,D,276,0.0,6EQE
P,E,276,0.0,6EQE
P,F,276,0.0,6EQE
P,G,276,0.0,6EQE
P,H,276,0.0,6EQE
P,I,276,0.0,6EQE
P,K,276,0.0,6EQE
P,L,276,0.0,6EQE
P,M,276,0.0,6EQE
P,N,276,0.0,6EQE
P,Q,276,0.0,6EQE
P,R,276,0.0,6EQE
P,S,276,0.0,6EQE
P,T,276,0.0,6EQE
P,V,276,0.0,6EQE
P,W,276,0.0,6EQE
P,Y,276,0.0,6EQE
N,A,277,0.0,6EQE
N,C,277,0.0,6EQE
N,D,277,0.0,6EQE
N,E,277,0.0,6EQE
N,F,277,0.0,6EQE
N,G,277,0.0,6EQE
N,H,277,0.0,6EQE
N,I,277,0.0,6EQE
N,K,277,0.0,6EQE
N,L,277,0.0,6EQE
N,M,277,0.0,6EQE
N,P,277,0.0,6EQE
N,Q,277,0.0,6EQE
N,R,277,0.0,6EQE
N,S,277,0.0,6EQE
N,T,277,0.0,6EQE
N,V,277,0.0,6EQE
N,W,277,0.0,6EQE
N,Y,277,0.0,6EQE
S,A,278,0.0,6EQE
S,C,278,0.0,6EQE
S,D,278,0.0,6EQE
S,E,278,0.0,6EQE
S,F,278,0.0,6EQE
S,G,278,0.0,6EQE
S,H,278,0.0,6EQE
S,I,278,0.0,6EQE
S,K,278,0.0,6EQE
S,L,278,0.0,6EQE
S,M,278,0.0,6EQE
S,N,278,0.0,6EQE
S,P,278,0.0,6EQE
S,Q,278,0.0,6EQE
S,R,278,0.0,6EQE
S,T,278,0.0,6EQE
S,V,278,0.0,6EQE
S,W,278,0.0,6EQE
S,Y,278,0.0,6EQE
T,A,279,0.0,6EQE
T,C,279,0.0,6EQE
T,D,279,0.0,6EQE
T,E,279,0.0,6EQE
T,F,279,0.0,6EQE
T,G,279,0.0,6EQE
T,H,279,0.0,6EQE
T,I,279,0.0,6EQE
T,K,279,0.0,6EQE
T,L,279,0.0,6EQE
T,M,279,0.0,6EQE
T,N,279,0.0,6EQE
T,P,279,0.0,6EQE
T,Q,279,0.0,6EQE
T,R,279,0.0,6EQE
T,S,279,0.0,6EQE
T,V,279,0.0,6EQE
T,W,279,0.0,6EQE
T,Y,279,0.0,6EQE
R,A,280,0.0,6EQE
R,C,280,0.0,6EQE
R,D,280,0.0,6EQE
R,E,280,0.0,6EQE
R,F,280,0.0,6EQE
R,G,280,0.0,6EQE
R,H,280,0.0,6EQE
R,I,280,0.0,6EQE
R,K,280,0.0,6EQE
R,L,280,0.0,6EQE
R,M,280,0.0,6EQE
R,N,280,0.0,6EQE
R,P,280,0.0,6EQE
R,Q,280,0.0,6EQE
R,S,280,0.0,6EQE
R,T,280,0.0,6EQE
R,V,280,0.0,6EQE
R,W,280,0.0,6EQE
R,Y,280,0.0,6EQE
V,A,281,0.0,6EQE
V,C,281,0.0,6EQE
V,D,281,0.0,6EQE
V,E,281,0.0,6EQE
V,F,281,0.0,6EQE
V,G,281,0.0,6EQE
V,H,281,0.0,6EQE
V,I,281,0.0,6EQE
V,K,281,0.0,6EQE
V,L,281,0.0,6EQE
V,M,281,0.0,6EQE
V,N,281,0.0,6EQE
V,P,281,0.0,6EQE
V,Q,281,0.0,6EQE
V,R,281,0.0,6EQE
V,S,281,0.0,6EQE
V,T,281,0.0,6EQE
V,W,281,0.0,6EQE
V,Y,281,0.0,6EQE
S,A,282,0.0,6EQE
S,C,282,0.0,6EQE
S,D,282,0.0,6EQE
S,E,282,0.0,6EQE
S,F,282,0.0,6EQE
S,G,282,0.0,6EQE
S,H,282,0.0,6EQE
S,I,282,0.0,6EQE
S,K,282,0.0,6EQE
S,L,282,0.0,6EQE
S,M,282,0.0,6EQE
S,N,282,0.0,6EQE
S,P,282,0.0,6EQE
S,Q,282,0.0,6EQE
S,R,282,0.0,6EQE
S,T,282,0.0,6EQE
S,V,282,0.0,6EQE
S,W,282,0.0,6EQE
S,Y,282,0.0,6EQE
D,A,283,0.0,6EQE
D,C,283,0.0,6EQE
D,E,283,0.0,6EQE
D,F,283,0.0,6EQE
D,G,283,0.0,6EQE
D,H,283,0.0,6EQE
D,I,283,0.0,6EQE
D,K,283,0.0,6EQE
D,L,283,0.0,6EQE
D,M,283,0.0,6EQE
D,N,283,0.0,6EQE
D,P,283,0.0,6EQE
D,Q,283,0.0,6EQE
D,R,283,0.0,6EQE
D,S,283,0.0,6EQE
D,T,283,0.0,6EQE
D,V,283,0.0,6EQE
D,W,283,0.0,6EQE
D,Y,283,0.0,6EQE
F,A,284,0.0,6EQE
F,C,284,0.0,6EQE
F,D,284,0.0,6EQE
F,E,284,0.0,6EQE
F,G,284,0.0,6EQE
F,H,284,0.0,6EQE
F,I,284,0.0,6EQE
F,K,284,0.0,6EQE
F,L,284,0.0,6EQE
F,M,284,0.0,6EQE
F,N,284,0.0,6EQE
F,P,284,0.0,6EQE
F,Q,284,0.0,6EQE
F,R,284,0.0,6EQE
F,S,284,0.0,6EQE
F,T,284,0.0,6EQE
F,V,284,0.0,6EQE
F,W,284,0.0,6EQE
F,Y,284,0.0,6EQE
R,A,285,0.0,6EQE
R,C,285,0.0,6EQE
R,D,285,0.0,6EQE
R,E,285,0.0,6EQE
R,F,285,0.0,6EQE
R,G,285,0.0,6EQE
R,H,285,0.0,6EQE
R,I,285,0.0,6EQE
R,K,285,0.0,6EQE
R,L,285,0.0,6EQE
R,M,285,0.0,6EQE
R,N,285,0.0,6EQE
R,P,285,0.0,6EQE
R,Q,285,0.0,6EQE
R,S,285,0.0,6EQE
R,T,285,0.0,6EQE
R,V,285,0.0,6EQE
R,W,285,0.0,6EQE
R,Y,285,0.0,6EQE
T,A,286,0.0,6EQE
T,C,286,0.0,6EQE
T,D,286,0.0,6EQE
T,E,286,0.0,6EQE
T,F,286,0.0,6EQE
T,G,286,0.0,6EQE
T,H,286,0.0,6EQE
T,I,286,0.0,6EQE
T,K,286,0.0,6EQE
T,L,286,0.0,6EQE
T,M,286,0.0,6EQE
T,N,286,0.0,6EQE
T,P,286,0.0,6EQE
T,Q,286,0.0,6EQE
T,R,286,0.0,6EQE
T,S,286,0.0,6EQE
T,V,286,0.0,6EQE
T,W,286,0.0,6EQE
T,Y,286,0.0,6EQE
A,C,287,0.0,6EQE
A,D,287,0.0,6EQE
A,E,287,0.0,6EQE
A,F,287,0.0,6EQE
A,G,287,0.0,6EQE
A,H,287,0.0,6EQE
A,I,287,0.0,6EQE
A,K,287,0.0,6EQE
A,L,287,0.0,6EQE
A,M,287,0.0,6EQE
A,N,287,0.0,6EQE
A,P,287,0.0,6EQE
A,Q,287,0.0,6EQE
A,R,287,0.0,6EQE
A,S,287,0.0,6EQE
A,T,287,0.0,6EQE
A,V,287,0.0,6EQE
A,W,287,0.0,6EQE
A,Y,287,0.0,6EQE
N,A,288,0.0,6EQE
N,C,288,0.0,6EQE
N,D,288,0.0,6EQE
N,E,288,0.0,6EQE
N,F,288,0.0,6EQE
N,G,288,0.0,6EQE
N,H,288,0.0,6EQE
N,I,288,0.0,6EQE
N,K,288,0.0,6EQE
N,L,288,0.0,6EQE
N,M,288,0.0,6EQE
N,P,288,0.0,6EQE
N,Q,288,0.0,6EQE
N,R,288,0.0,6EQE
N,S,288,0.0,6EQE
N,T,288,0.0,6EQE
N,V,288,0.0,6EQE
N,W,288,0.0,6EQE
N,Y,288,0.0,6EQE
C,A,289,0.0,6EQE
C,D,289,0.0,6EQE
C,E,289,0.0,6EQE
C,F,289,0.0,6EQE
C,G,289,0.0,6EQE
C,H,289,0.0,6EQE
C,I,289,0.0,6EQE
C,K,289,0.0,6EQE
C,L,289,0.0,6EQE
C,M,289,0.0,6EQE
C,N,289,0.0,6EQE
C,P,289,0.0,6EQE
C,Q,289,0.0,6EQE
C,R,289,0.0,6EQE
C,S,289,0.0,6EQE
C,T,289,0.0,6EQE
C,V,289,0.0,6EQE
C,W,289,0.0,6EQE
C,Y,289,0.0,6EQE
S,A,290,0.0,6EQE
S,C,290,0.0,6EQE
S,D,290,0.0,6EQE
S,E,290,0.0,6EQE
S,F,290,0.0,6EQE
S,G,290,0.0,6EQE
S,H,290,0.0,6EQE
S,I,290,0.0,6EQE
S,K,290,0.0,6EQE
S,L,290,0.0,6EQE
S,M,290,0.0,6EQE
S,N,290,0.0,6EQE
S,P,290,0.0,6EQE
S,Q,290,0.0,6EQE
S,R,290,0.0,6EQE
S,T,290,0.0,6EQE
S,V,290,0.0,6EQE
S,W,290,0.0,6EQE
S,Y,290,0.0,6EQE
L,A,291,0.0,6EQE
L,C,291,0.0,6EQE
L,D,291,0.0,6EQE
L,E,291,0.0,6EQE
L,F,291,0.0,6EQE
L,G,291,0.0,6EQE
L,H,291,0.0,6EQE
L,I,291,0.0,6EQE
L,K,291,0.0,6EQE
L,M,291,0.0,6EQE
L,N,291,0.0,6EQE
L,P,291,0.0,6EQE
L,Q,291,0.0,6EQE
L,R,291,0.0,6EQE
L,S,291,0.0,6EQE
L,T,291,0.0,6EQE
L,V,291,0.0,6EQE
L,W,291,0.0,6EQE
L,Y,291,0.0,6EQE
E,A,292,0.0,6EQE
E,C,292,0.0,6EQE
E,D,292,0.0,6EQE
E,F,292,0.0,6EQE
E,G,292,0.0,6EQE
E,H,292,0.0,6EQE
E,I,292,0.0,6EQE
E,K,292,0.0,6EQE
E,L,292,0.0,6EQE
E,M,292,0.0,6EQE
E,N,292,0.0,6EQE
E,P,292,0.0,6EQE
E,Q,292,0.0,6EQE
E,R,292,0.0,6EQE
E,S,292,0.0,6EQE
E,T,292,0.0,6EQE
E,V,292,0.0,6EQE
E,W,292,0.0,6EQE
E,Y,292,0.0,6EQE
H,A,293,0.0,6EQE
H,C,293,0.0,6EQE
H,D,293,0.0,6EQE
H,E,293,0.0,6EQE
H,F,293,0.0,6EQE
H,G,293,0.0,6EQE
H,I,293,0.0,6EQE
H,K,293,0.0,6EQE
H,L,293,0.0,6EQE
H,M,293,0.0,6EQE
H,N,293,0.0,6EQE
H,P,293,0.0,6EQE
H,Q,293,0.0,6EQE
H,R,293,0.0,6EQE
H,S,293,0.0,6EQE
H,T,293,0.0,6EQE
H,V,293,0.0,6EQE
H,W,293,0.0,6EQE
H,Y,293,0.0,6EQE
