wild_type,mutation_type,position_idx,foldx_ddg_raw,esm_score,is_flexible_region,category
S,N,124,-4.11541,-3.1494178771972656,False,foldx_primary
G,Q,243,-3.87149,-2.131366729736328,False,foldx_primary
G,L,243,-3.65866,-2.5416135787963867,False,foldx_primary
T,E,270,-3.52614,-0.8824834823608398,True,foldx_primary
R,V,34,-3.28169,-0.776848316192627,False,foldx_primary
G,K,243,-3.0581,-3.2449331283569336,False,foldx_primary
D,Q,220,-2.86794,1.0442099571228027,True,foldx_primary
S,K,124,-2.68892,-4.746400356292725,False,foldx_primary
F,E,271,-2.659,-6.197064399719238,False,foldx_primary
G,Q,164,-2.6235,-7.259941101074219,False,foldx_primary
A,D,130,-2.46161,-3.337710380554199,False,foldx_primary
W,C,257,-2.40869,-10.343463897705078,False,foldx_primary
Q,N,127,-2.35273,0.4018993377685547,False,foldx_primary
Q,R,127,-2.24575,-4.217949867248535,False,foldx_primary
S,M,238,-2.2093,-1.559459924697876,False,foldx_primary
F,M,271,-2.15661,-4.011089324951172,False,foldx_primary
S,A,124,-2.14285,2.854175567626953,False,foldx_primary
G,I,243,-2.1303,-2.846644878387451,False,foldx_primary
Q,I,127,-2.10731,5.385690212249756,False,foldx_primary
A,V,65,-2.10232,-1.632925033569336,False,foldx_primary
Q,E,133,-2.09284,-0.9377427101135254,False,foldx_primary
S,T,124,-2.0551,-1.2350993156433105,False,foldx_primary
Q,K,127,-2.01179,-4.667906761169434,False,foldx_primary
Q,W,133,-1.99371,0.5662000179290771,False,foldx_primary
D,L,220,-1.98604,-1.9913878440856934,True,foldx_primary
T,D,88,-1.98481,-3.682703733444214,False,foldx_primary
R,N,132,-1.97104,1.7506040334701538,False,foldx_primary
Q,D,127,-1.96342,0.7409100532531738,False,foldx_primary
A,Y,215,-1.96209,-2.5292088985443115,False,foldx_primary
L,K,249,-1.9138,-1.850341558456421,True,foldx_primary
R,Y,123,-1.89278,-8.681647300720215,False,foldx_primary
F,W,271,-1.88634,-2.234421491622925,False,foldx_primary
S,D,58,-1.87848,-0.6719814538955688,True,foldx_primary
N,I,37,-1.86168,-2.0416455268859863,True,foldx_primary
C,D,289,-1.83462,2.1601450443267822,True,foldx_primary
A,P,152,-1.82327,-5.4916791915893555,False,foldx_primary
D,V,186,-1.78881,0.28640294075012207,True,foldx_primary
G,P,243,-1.73112,-0.7628427743911743,False,foldx_primary
S,E,115,-1.69898,-4.429971694946289,False,foldx_primary
L,Q,216,-1.66917,1.2492399215698242,True,foldx_primary
N,P,277,-1.65895,-1.0382118225097656,True,foldx_primary
R,Q,132,-1.65183,0.6830120086669922,False,foldx_primary
N,Y,244,-1.65088,-1.2324180603027344,False,foldx_primary
H,T,104,-1.64185,-4.943988800048828,False,foldx_primary
S,V,58,-1.64103,-4.0817036628723145,True,foldx_primary
H,L,104,-1.59008,-4.337338447570801,False,foldx_primary
P,Q,38,-1.58069,-2.6163201332092285,False,foldx_primary
R,L,53,-1.57881,-3.85213041305542,True,foldx_primary
A,T,180,-1.57849,-1.9993062019348145,False,foldx_primary
P,D,197,-1.57327,-7.954427242279053,False,foldx_primary
T,V,198,-1.56672,-2.820619583129883,False,foldx_primary
A,M,135,-1.56282,-2.669661283493042,True,foldx_primary
I,L,111,-1.56098,-2.7919058799743652,False,foldx_primary
G,S,243,-1.55439,0.13564777374267578,False,foldx_primary
Q,L,127,-1.54969,4.856257915496826,False,foldx_primary
Q,H,127,-1.53114,-1.6416864395141602,False,foldx_primary
W,I,159,-1.51695,-3.7993340492248535,False,foldx_primary
Q,P,127,-1.5029,-0.867530345916748,False,foldx_primary
S,N,103,-1.48912,-6.876400947570801,False,foldx_primary
A,Y,179,-1.48487,-5.04465389251709,False,foldx_primary
W,K,257,-1.47425,-12.066147804260254,False,foldx_primary
L,M,216,-1.46945,-0.6888518333435059,True,foldx_primary
Q,E,127,-1.46399,0.10341310501098633,False,foldx_primary
G,A,243,-1.45932,-0.6822923421859741,False,foldx_primary
A,N,226,-1.44085,0.5374281406402588,False,foldx_primary
L,I,216,-1.43258,-0.42803096771240234,True,foldx_primary
C,L,289,-1.40303,2.8620195388793945,True,foldx_primary
S,E,207,-1.39808,-2.010709047317505,True,foldx_primary
M,L,154,-1.39475,1.211487054824829,False,foldx_primary
M,P,222,-1.39237,-4.744149684906006,False,foldx_primary
G,T,251,-1.39182,-1.706589698791504,False,foldx_primary
P,L,38,-1.38115,0.047712087631225586,False,foldx_primary
L,W,216,-1.37086,-1.5355253219604492,True,foldx_primary
T,L,72,-1.3538,-2.5632829666137695,False,foldx_primary
S,P,245,-1.34851,-0.09811532497406006,False,foldx_primary
I,W,111,-1.33646,-6.791067123413086,False,foldx_primary
L,D,249,-1.3351,0.3296182155609131,True,foldx_primary
E,K,231,-1.33235,-3.7484166622161865,False,foldx_primary
D,K,263,-1.32913,-2.620272159576416,False,foldx_primary
T,M,51,-1.3147,-5.493077278137207,True,foldx_primary
L,E,216,-1.31255,-1.6790657043457031,True,foldx_primary
S,T,121,-1.3121,-0.6509362459182739,False,foldx_primary
I,H,145,-1.30571,-3.636225700378418,False,foldx_primary
I,L,145,-1.3052,0.5408916473388672,False,foldx_primary
H,M,104,-1.29417,-4.59713888168335,False,foldx_primary
R,P,280,-1.29097,0.6819140911102295,True,foldx_primary
L,F,216,-1.28942,-1.9923181533813477,True,foldx_primary
S,D,103,-1.28938,-7.357100486755371,False,foldx_primary
I,V,200,-1.28856,-0.6579837799072266,False,foldx_primary
T,K,88,-1.28517,-4.0506086349487305,False,foldx_primary
N,K,138,-1.2829,-5.088683128356934,False,foldx_primary
A,L,65,-1.28107,-2.75046968460083,False,foldx_primary
Q,T,91,-1.27643,-2.293132781982422,False,foldx_primary
G,D,163,-1.26691,-12.420730590820312,False,foldx_primary
A,M,65,-1.26675,-3.981846809387207,False,foldx_primary
K,L,252,-1.24366,-0.7969112396240234,False,foldx_primary
V,D,57,-1.23826,-1.813157081604004,False,foldx_primary
Q,V,127,-1.22374,5.689981937408447,False,foldx_primary
V,C,281,-1.22272,-1.6187732219696045,False,foldx_primary
T,V,72,-1.22066,-2.1935582160949707,False,foldx_primary
Q,N,133,-1.21979,-1.480595588684082,False,foldx_primary
R,K,53,-1.21629,-0.7841479778289795,True,foldx_primary
S,P,125,-1.21417,-2.057142734527588,False,foldx_primary
T,Q,88,-1.20927,-2.9498579502105713,False,foldx_primary
N,L,138,-1.20357,-7.723797798156738,False,foldx_primary
H,R,104,-1.19641,-3.2475266456604004,False,foldx_primary
W,P,159,-1.19371,-9.605731964111328,False,foldx_primary
S,Y,242,-1.18862,-0.19298982620239258,False,foldx_primary
A,F,65,-1.18512,-2.7888197898864746,False,foldx_primary
G,H,251,-1.17609,-3.8290822505950928,False,foldx_primary
L,P,216,-1.17536,-2.6062870025634766,True,foldx_primary
S,W,58,-1.17243,-6.479270935058594,True,foldx_primary
A,E,152,-1.16636,-1.2584893703460693,False,foldx_primary
T,N,88,-1.16002,-1.6956429481506348,False,foldx_primary
T,N,198,-1.15645,-5.035455703735352,False,foldx_primary
S,K,58,-1.14527,-3.284595489501953,True,foldx_primary
L,C,249,-1.14374,-2.5497071743011475,True,foldx_primary
N,T,190,-1.14081,-0.48502016067504883,True,foldx_primary
S,V,223,-1.13695,-3.9870409965515137,True,foldx_primary
A,W,65,-1.13227,-3.460310935974121,False,foldx_primary
K,Y,253,2.49422,6.9531354904174805,False,esm_rescue
R,S,90,6.17954,5.786927223205566,True,esm_rescue
T,M,29,6.9328,5.769646167755127,True,esm_rescue
M,L,262,8.82803,4.78968620300293,False,esm_rescue
A,L,272,2.073,4.345672607421875,False,esm_rescue
R,N,90,12.5581,4.174849510192871,True,esm_rescue
R,T,90,6.75769,4.174211502075195,True,esm_rescue
G,T,254,4.84766,4.156759738922119,False,esm_rescue
R,P,90,15.0143,4.14346981048584,True,esm_rescue
N,Y,37,-0.685741,4.077347755432129,True,esm_rescue
Q,I,182,0.75822,4.046131134033203,False,esm_rescue
R,A,90,6.05749,3.889883279800415,True,esm_rescue
K,F,253,2.7494,3.857354164123535,False,esm_rescue
Y,S,63,1.05409,3.8572094440460205,False,esm_rescue
Q,M,127,-0.477397,3.8087997436523438,False,esm_rescue
Q,L,182,1.69976,3.7725467681884766,False,esm_rescue
K,A,253,2.13229,3.5589139461517334,False,esm_rescue
K,V,253,1.77146,3.4024744033813477,False,esm_rescue
Q,F,182,2.12573,3.3991854190826416,False,esm_rescue
R,D,90,12.5337,3.3350884914398193,True,esm_rescue
Q,A,127,-0.543456,3.2443151473999023,False,esm_rescue
Y,T,63,0.214622,3.2187607288360596,False,esm_rescue
Q,V,182,2.18418,3.2105209827423096,False,esm_rescue
K,L,253,1.0623,3.2040293216705322,False,esm_rescue
C,S,289,1.16436,3.1427037715911865,True,esm_rescue
Y,G,63,1.32041,3.1120731830596924,False,esm_rescue
M,V,154,3.00604,3.108582019805908,False,esm_rescue
Q,T,127,-0.705474,3.0675368309020996,False,esm_rescue
A,D,226,6.56873,3.06380033493042,False,esm_rescue
C,A,289,0.0850688,3.062506675720215,True,esm_rescue
R,Q,224,-0.801101,-0.6792268753051758,True,literature_hotspot
N,K,233,-0.328192,-0.2543601989746094,True,literature_hotspot
S,E,136,-0.298574,-0.8524680137634277,True,literature_hotspot
D,N,186,-0.0141159,-0.020148515701293945,True,literature_hotspot
R,A,280,0.374307,1.0563185214996338,True,literature_hotspot
S,F,238,0.85124,0.5742900371551514,False,literature_hotspot
S,Q,188,1.43683,-1.9037972688674927,True,literature_hotspot
S,H,214,2.16722,-0.7819986343383789,False,literature_hotspot
L,F,117,2.30857,1.4423081874847412,False,literature_hotspot
Q,Y,119,4.54044,0.5791895389556885,True,literature_hotspot
G,A,165,4.58782,-3.4171528816223145,False,literature_hotspot
S,E,121,7.13406,-1.1180306673049927,False,literature_hotspot
I,R,168,14.7567,-0.37255871295928955,False,literature_hotspot
N,H,205,-0.934161,-3.0453717708587646,True,research_hotspot
S,Y,269,0.731655,-3.476713180541992,False,research_hotspot
S,T,214,0.325958,-1.006645679473877,False,research_hotspot
I,R,218,-1.07089,-1.8345139026641846,False,research_hotspot
P,K,120,0.768642,-5.635048866271973,False,research_hotspot
M,H,161,-0.29128,-9.02746868133545,False,research_hotspot
I,H,168,1.74709,-2.312101364135742,False,research_hotspot
N,K,114,1.33405,-4.2008771896362305,False,research_hotspot
P,V,184,-0.457537,-3.8784403800964355,False,research_hotspot
W,P,185,-0.00422375,-3.2533621788024902,True,research_hotspot
S,H,187,0.139832,-1.1807937622070312,True,research_hotspot
S,P,188,0.195825,-0.25726282596588135,True,research_hotspot
T,Y,189,-0.153862,-0.8667235374450684,True,research_hotspot
F,M,191,-0.285492,-1.6052870750427246,False,research_hotspot
