wild_type,mutation_type,position_idx,predicted_score,category
I,G,168,3.2904491424560547,hotspot
I,S,168,2.513634443283081,hotspot
I,P,168,2.4260382652282715,hotspot
I,T,168,2.1742160320281982,hotspot
I,K,168,2.1429693698883057,hotspot
I,A,168,2.102994203567505,hotspot
I,N,168,1.7346607446670532,hotspot
I,H,168,1.562059760093689,hotspot
I,Q,168,1.376589298248291,hotspot
I,C,168,1.3508461713790894,hotspot
Q,G,119,1.3130100965499878,hotspot
I,M,168,1.2146426439285278,hotspot
Q,P,119,1.070421576499939,hotspot
I,R,168,1.0247153043746948,hotspot
Q,S,119,0.9847857356071472,hotspot
I,D,168,0.9205332398414612,hotspot
I,Y,168,0.9070074558258057,hotspot
L,G,117,0.9007574915885925,hotspot
L,A,117,0.8120867609977722,hotspot
S,F,136,0.8042706847190857,hotspot
Q,T,119,0.7970638275146484,hotspot
Q,A,119,0.7655693292617798,hotspot
Q,N,119,0.7634835243225098,hotspot
S,F,188,0.7576845288276672,hotspot
S,I,136,0.735649049282074,hotspot
S,L,136,0.7276224493980408,hotspot
Q,K,119,0.7249108552932739,hotspot
I,W,168,0.6989228129386902,hotspot
I,E,168,0.6927739381790161,hotspot
I,F,168,0.6618561744689941,hotspot
S,M,136,0.6616791486740112,hotspot
L,S,117,0.646536111831665,hotspot
S,M,188,0.6391006112098694,hotspot
S,C,136,0.5985905528068542,hotspot
S,V,136,0.5977151989936829,hotspot
S,L,188,0.5192333459854126,hotspot
S,G,136,0.5122978091239929,hotspot
S,A,136,0.5010988116264343,hotspot
S,I,188,0.4957326054573059,hotspot
S,W,188,0.4896541237831116,hotspot
L,T,117,0.47177791595458984,hotspot
S,C,188,0.4632340669631958,hotspot
I,L,168,0.4452873468399048,hotspot
L,P,117,0.44227778911590576,hotspot
S,Y,188,0.44012898206710815,hotspot
Q,H,119,0.4262653589248657,hotspot
Q,C,119,0.4072096347808838,hotspot
S,V,188,0.38659346103668213,hotspot
S,P,188,0.3851843476295471,hotspot
I,V,168,0.37144964933395386,hotspot
L,C,117,0.3514832854270935,hotspot
S,P,136,0.34245187044143677,hotspot
Q,M,119,0.3180413842201233,hotspot
S,A,188,0.28562963008880615,hotspot
S,D,188,0.2328457087278366,hotspot
S,T,136,0.22392843663692474,hotspot
S,G,188,0.2199414223432541,hotspot
S,E,188,0.21016909182071686,hotspot
S,T,188,0.19974227249622345,hotspot
Q,D,119,0.19193407893180847,hotspot
L,V,117,0.18900202214717865,hotspot
S,Q,188,0.17729656398296356,hotspot
L,K,117,0.15426211059093475,hotspot
S,W,136,0.14140109717845917,hotspot
L,N,117,0.12996718287467957,hotspot
S,Y,136,0.12419946491718292,hotspot
Q,L,119,0.12096424400806427,hotspot
S,N,188,0.11844603717327118,hotspot
S,H,188,0.11638490855693817,hotspot
Q,F,119,0.10022588074207306,hotspot
Q,V,119,0.08423077315092087,hotspot
L,H,117,0.07274921238422394,hotspot
L,M,117,0.06500142812728882,hotspot
S,H,136,0.05813051760196686,hotspot
S,K,136,0.039116233587265015,hotspot
S,N,136,0.02136571705341339,hotspot
Q,R,119,0.011839769780635834,hotspot
S,Q,136,0.0041213259100914,hotspot
Q,I,119,-0.0072089433670043945,hotspot
L,Q,117,-0.02239963412284851,hotspot
S,D,136,-0.06379908323287964,hotspot
S,K,188,-0.06892585754394531,hotspot
L,I,117,-0.06928057968616486,hotspot
S,E,136,-0.09210999310016632,hotspot
L,R,117,-0.10081011056900024,hotspot
L,Y,117,-0.12677013874053955,hotspot
Q,Y,119,-0.13751500844955444,hotspot
L,W,117,-0.15278548002243042,hotspot
Q,E,119,-0.17415103316307068,hotspot
L,D,117,-0.19407115876674652,hotspot
L,F,117,-0.21357059478759766,hotspot
S,R,136,-0.2570624351501465,hotspot
S,R,188,-0.2607259750366211,hotspot
L,E,117,-0.2819174528121948,hotspot
Q,W,119,-0.5548853278160095,hotspot
I,G,111,4.946146488189697,bias_check
V,G,84,4.760561943054199,bias_check
I,G,94,4.641511917114258,bias_check
I,G,109,4.336939334869385,bias_check
I,G,200,4.17456579208374,bias_check
I,P,111,4.134318828582764,bias_check
I,P,94,4.030344009399414,bias_check
I,G,232,3.9681336879730225,bias_check
I,S,111,3.9369096755981445,diversified_pool
I,P,109,3.9311890602111816,diversified_pool
V,G,156,3.9200785160064697,diversified_pool
W,G,257,3.9187111854553223,diversified_pool
F,G,229,3.897019147872925,diversified_pool
W,G,96,3.7015087604522705,diversified_pool
V,S,84,3.6929283142089844,diversified_pool
I,P,200,3.6900136470794678,diversified_pool
F,G,50,3.667818546295166,diversified_pool
I,G,83,3.638075113296509,diversified_pool
I,S,94,3.6045401096343994,diversified_pool
W,P,257,3.6010468006134033,diversified_pool
I,S,109,3.5899384021759033,diversified_pool
V,P,84,3.5822818279266357,diversified_pool
F,G,191,3.559802770614624,diversified_pool
I,T,111,3.5317513942718506,diversified_pool
L,G,101,3.4952635765075684,diversified_pool
W,G,159,3.4905200004577637,diversified_pool
V,G,196,3.482689142227173,diversified_pool
W,S,257,3.4804461002349854,diversified_pool
W,K,257,3.4443142414093018,diversified_pool
V,G,107,3.4360387325286865,diversified_pool
F,G,201,3.416084051132202,diversified_pool
F,G,261,3.3984220027923584,diversified_pool
W,P,96,3.3968284130096436,diversified_pool
F,P,229,3.3854897022247314,diversified_pool
I,K,111,3.360126256942749,diversified_pool
W,S,96,3.3400981426239014,diversified_pool
F,G,271,3.3327295780181885,diversified_pool
W,P,159,3.322169542312622,diversified_pool
V,T,84,3.3166098594665527,diversified_pool
I,S,200,3.2916438579559326,diversified_pool
L,G,43,3.2858684062957764,diversified_pool
I,P,83,3.2671732902526855,diversified_pool
I,T,109,3.2570979595184326,diversified_pool
I,N,109,3.2464473247528076,diversified_pool
V,P,156,3.237497568130493,diversified_pool
L,P,101,3.2369186878204346,diversified_pool
F,G,284,3.225696563720703,diversified_pool
W,K,96,3.225412130355835,diversified_pool
W,T,257,3.2238657474517822,diversified_pool
M,G,222,3.2186543941497803,diversified_pool
I,T,94,3.213801145553589,diversified_pool
W,A,257,3.210782766342163,diversified_pool
V,G,149,3.201314926147461,diversified_pool
V,K,84,3.1735432147979736,diversified_pool
V,G,211,3.162642240524292,diversified_pool
I,K,109,3.159881591796875,diversified_pool
W,N,257,3.159348726272583,diversified_pool
I,G,81,3.1424384117126465,diversified_pool
W,T,96,3.1418979167938232,diversified_pool
W,K,159,3.1377508640289307,diversified_pool
F,S,229,3.1320300102233887,diversified_pool
V,G,68,3.1179184913635254,diversified_pool
W,A,96,3.109844923019409,diversified_pool
I,S,232,3.1041886806488037,diversified_pool
F,P,50,3.098083257675171,diversified_pool
W,S,159,3.0937788486480713,diversified_pool
I,N,111,3.0894036293029785,diversified_pool
V,G,108,3.0824334621429443,diversified_pool
V,G,78,3.0816285610198975,diversified_pool
I,K,94,3.074739694595337,diversified_pool
I,A,94,3.06272292137146,diversified_pool
F,P,191,3.0552923679351807,diversified_pool
V,S,156,3.054072618484497,diversified_pool
I,N,94,3.0443766117095947,diversified_pool
F,P,201,3.0411226749420166,diversified_pool
I,A,111,3.0397915840148926,diversified_pool
W,N,96,3.036220073699951,diversified_pool
I,G,218,3.024341344833374,diversified_pool
Y,G,268,3.0118119716644287,diversified_pool
M,G,262,2.995318651199341,diversified_pool
L,G,131,2.993940591812134,diversified_pool
W,G,97,2.9840903282165527,diversified_pool
W,G,185,2.983370542526245,diversified_pool
Y,G,70,2.972506284713745,diversified_pool
L,G,199,2.96419358253479,diversified_pool
I,S,83,2.9562785625457764,diversified_pool
F,S,50,2.9532415866851807,diversified_pool
I,T,200,2.949702501296997,diversified_pool
F,G,106,2.9444527626037598,diversified_pool
M,G,161,2.9156787395477295,diversified_pool
V,P,107,2.911550998687744,diversified_pool
I,N,200,2.9048540592193604,diversified_pool
W,N,159,2.9044349193573,diversified_pool
I,P,232,2.8863980770111084,diversified_pool
F,S,191,2.8847224712371826,diversified_pool
V,G,194,2.8833694458007812,diversified_pool
W,T,159,2.877652406692505,diversified_pool
L,G,176,2.8688037395477295,diversified_pool
W,P,185,2.867497682571411,diversified_pool
I,P,81,2.8595173358917236,diversified_pool
V,G,281,2.851438283920288,diversified_pool
I,K,200,2.847377061843872,diversified_pool
W,H,257,2.8449316024780273,diversified_pool
L,G,230,2.835113286972046,diversified_pool
Y,G,32,2.8225042819976807,diversified_pool
L,P,199,2.8197295665740967,diversified_pool
W,H,96,2.8041179180145264,diversified_pool
F,K,229,2.7874948978424072,diversified_pool
Y,P,268,2.785598039627075,diversified_pool
I,H,111,2.785125970840454,diversified_pool
I,Q,109,2.7700531482696533,diversified_pool
W,K,185,2.769660711288452,diversified_pool
F,A,229,2.7629244327545166,diversified_pool
F,T,229,2.751753568649292,diversified_pool
I,H,109,2.7472641468048096,diversified_pool
V,T,156,2.7424428462982178,diversified_pool
V,A,84,2.7406668663024902,diversified_pool
V,K,156,2.7394211292266846,diversified_pool
F,S,261,2.7384402751922607,diversified_pool
F,S,201,2.7297680377960205,diversified_pool
F,D,201,2.727797746658325,diversified_pool
R,G,260,2.726778030395508,diversified_pool
Y,S,268,2.725085496902466,diversified_pool
Y,G,69,2.72070050239563,diversified_pool
F,P,271,2.7205793857574463,diversified_pool
V,S,107,2.7170934677124023,diversified_pool
L,P,131,2.7143681049346924,diversified_pool
W,P,97,2.7106666564941406,diversified_pool
F,P,261,2.70715594291687,diversified_pool
I,N,83,2.7052619457244873,diversified_pool
Y,P,70,2.7049264907836914,diversified_pool
W,H,159,2.703111171722412,diversified_pool
L,G,137,2.699518918991089,diversified_pool
C,P,203,2.6994073390960693,diversified_pool
W,Q,257,2.698249340057373,diversified_pool
I,T,232,2.6913068294525146,diversified_pool
W,Q,96,2.690274477005005,diversified_pool
I,A,109,2.6867029666900635,diversified_pool
F,A,261,2.6775012016296387,diversified_pool
F,N,229,2.676856756210327,diversified_pool
Y,G,63,2.676251173019409,diversified_pool
L,G,167,2.6747477054595947,diversified_pool
F,A,50,2.671473741531372,diversified_pool
F,S,271,2.670698404312134,diversified_pool
I,T,83,2.670381546020508,diversified_pool
V,N,84,2.668334484100342,diversified_pool
Y,G,87,2.6666858196258545,diversified_pool
W,C,96,2.666013479232788,diversified_pool
A,P,183,2.660541296005249,diversified_pool
M,P,222,2.657741069793701,diversified_pool
I,K,232,2.6568548679351807,diversified_pool
V,G,255,2.6546599864959717,diversified_pool
W,S,185,2.6472928524017334,diversified_pool
L,S,101,2.6465721130371094,diversified_pool
W,S,97,2.641508102416992,diversified_pool
F,P,284,2.6348462104797363,diversified_pool
I,K,83,2.63094425201416,diversified_pool
C,G,203,2.622685670852661,diversified_pool
Y,K,268,2.6199328899383545,diversified_pool
Y,K,70,2.619389533996582,diversified_pool
F,S,284,2.6178884506225586,diversified_pool
Y,S,70,2.6156997680664062,diversified_pool
V,P,108,2.6146938800811768,diversified_pool
R,G,100,2.6130707263946533,diversified_pool
F,K,191,2.6080472469329834,diversified_pool
F,K,50,2.5979163646698,diversified_pool
L,P,43,2.5972464084625244,diversified_pool
W,C,257,2.594291925430298,diversified_pool
W,Q,159,2.589346408843994,diversified_pool
V,S,196,2.588348865509033,diversified_pool
V,N,156,2.586707353591919,diversified_pool
F,D,229,2.585803270339966,diversified_pool
F,P,106,2.5839598178863525,diversified_pool
F,T,50,2.581831216812134,diversified_pool
I,S,81,2.5720229148864746,diversified_pool
L,N,101,2.563917398452759,diversified_pool
I,A,232,2.5596940517425537,diversified_pool
I,H,94,2.556877613067627,diversified_pool
Y,K,63,2.553149938583374,diversified_pool
W,K,97,2.5482428073883057,diversified_pool
L,P,230,2.546628713607788,diversified_pool
W,N,185,2.542177677154541,diversified_pool
I,A,200,2.539302110671997,diversified_pool
F,T,191,2.535966634750366,diversified_pool
F,A,191,2.535727024078369,diversified_pool
Y,T,268,2.531489849090576,diversified_pool
Y,P,63,2.5237271785736084,diversified_pool
Y,P,69,2.5225579738616943,diversified_pool
M,G,128,2.509688377380371,diversified_pool
V,H,84,2.509652853012085,diversified_pool
M,S,222,2.5077991485595703,diversified_pool
F,A,271,2.506694793701172,diversified_pool
M,P,161,2.5038955211639404,diversified_pool
W,A,159,2.4984641075134277,diversified_pool
W,R,257,2.498166799545288,diversified_pool
M,G,154,2.4977781772613525,diversified_pool
L,G,216,2.488309144973755,diversified_pool
Y,G,219,2.485823392868042,diversified_pool
W,R,96,2.485386848449707,diversified_pool
L,S,43,2.4847402572631836,diversified_pool
F,N,201,2.483617067337036,diversified_pool
M,G,258,2.479109048843384,diversified_pool
Y,N,268,2.4730770587921143,diversified_pool
F,A,284,2.467249631881714,diversified_pool
W,T,185,2.4588305950164795,diversified_pool
V,K,107,2.457166910171509,diversified_pool
F,N,191,2.4532580375671387,diversified_pool
I,H,200,2.4455759525299072,diversified_pool
W,T,97,2.445075273513794,diversified_pool
R,P,260,2.4398834705352783,diversified_pool
V,S,108,2.4298012256622314,diversified_pool
Y,N,70,2.4208619594573975,diversified_pool
V,H,156,2.4206435680389404,diversified_pool
V,T,107,2.4176294803619385,diversified_pool
F,K,201,2.4132399559020996,diversified_pool
L,P,167,2.4107398986816406,diversified_pool
Y,T,70,2.4077565670013428,diversified_pool
F,T,201,2.406377077102661,diversified_pool
I,G,145,2.4058570861816406,diversified_pool
I,Q,111,2.4002952575683594,diversified_pool
Y,S,32,2.3978164196014404,diversified_pool
I,N,81,2.3968794345855713,diversified_pool
V,S,68,2.3943488597869873,diversified_pool
V,S,149,2.393754720687866,diversified_pool
Y,S,69,2.391042470932007,diversified_pool
Y,K,69,2.3818838596343994,diversified_pool
I,Q,200,2.380624532699585,diversified_pool
M,P,262,2.3785970211029053,diversified_pool
Y,S,63,2.377117395401001,diversified_pool
I,Q,94,2.376209259033203,diversified_pool
V,P,68,2.3756103515625,diversified_pool
W,A,97,2.374537467956543,diversified_pool
W,N,97,2.3732969760894775,diversified_pool
F,T,261,2.373279333114624,diversified_pool
I,Q,83,2.3693835735321045,diversified_pool
Y,P,87,2.3692028522491455,diversified_pool
R,G,123,2.3661091327667236,diversified_pool
L,T,101,2.364232301712036,diversified_pool
F,E,201,2.3579628467559814,diversified_pool
W,H,185,2.355853319168091,diversified_pool
Y,P,32,2.3557779788970947,diversified_pool
V,S,211,2.3508408069610596,diversified_pool
F,K,271,2.3499133586883545,diversified_pool
F,N,50,2.349419355392456,diversified_pool
W,V,96,2.3439791202545166,diversified_pool
I,T,81,2.3429248332977295,diversified_pool
F,G,55,2.342236042022705,diversified_pool
I,K,81,2.3396832942962646,diversified_pool
Y,K,146,2.3385262489318848,diversified_pool
V,N,107,2.337394952774048,diversified_pool
Y,A,268,2.3344364166259766,diversified_pool
W,M,96,2.32902455329895,diversified_pool
Y,N,63,2.326864004135132,diversified_pool
F,S,106,2.323516607284546,diversified_pool
L,N,199,2.314880132675171,diversified_pool
F,T,271,2.312943458557129,diversified_pool
V,A,156,2.312610149383545,diversified_pool
I,S,218,2.3114898204803467,diversified_pool
L,S,131,2.3114452362060547,diversified_pool
Y,S,87,2.3085343837738037,diversified_pool
V,S,78,2.3048884868621826,diversified_pool
M,G,157,2.304837942123413,diversified_pool
V,G,134,2.2986695766448975,diversified_pool
W,L,96,2.294029474258423,diversified_pool
Y,A,32,2.2912862300872803,diversified_pool
F,T,284,2.285203695297241,diversified_pool
W,R,159,2.284982204437256,diversified_pool
L,P,176,2.284327745437622,diversified_pool
L,K,101,2.2837746143341064,diversified_pool
F,A,201,2.282198667526245,diversified_pool
Y,G,146,2.281531572341919,diversified_pool
W,Q,185,2.2728047370910645,diversified_pool
M,S,262,2.272623300552368,diversified_pool
F,K,261,2.265021562576294,diversified_pool
I,A,83,2.2645909786224365,diversified_pool
I,H,83,2.262080430984497,diversified_pool
W,V,257,2.26179575920105,diversified_pool
F,D,191,2.259796142578125,diversified_pool
L,S,199,2.2557828426361084,diversified_pool
Y,K,87,2.254635810852051,diversified_pool
V,K,108,2.2374255657196045,diversified_pool
F,K,284,2.2350594997406006,diversified_pool
Y,P,219,2.2350382804870605,diversified_pool
M,A,222,2.2335143089294434,diversified_pool
R,P,100,2.2329256534576416,diversified_pool
G,I,235,2.229372501373291,diversified_pool
Y,N,69,2.2204108238220215,diversified_pool
Y,P,146,2.219172954559326,diversified_pool
L,S,230,2.2141306400299072,diversified_pool
Y,H,268,2.202083110809326,diversified_pool
Y,A,70,2.2004778385162354,diversified_pool
Y,T,69,2.19923734664917,diversified_pool
V,G,52,2.1983518600463867,diversified_pool
F,Q,201,2.1981003284454346,diversified_pool
M,K,222,2.195647954940796,diversified_pool
Y,K,32,2.183976650238037,diversified_pool
V,P,78,2.1835713386535645,diversified_pool
A,N,183,2.1799774169921875,diversified_pool
Y,T,63,2.179879665374756,diversified_pool
I,G,250,2.1787476539611816,diversified_pool
R,G,153,2.177403688430786,diversified_pool
V,Q,156,2.173882484436035,diversified_pool
R,G,90,2.16931414604187,diversified_pool
Y,H,70,2.168923854827881,diversified_pool
L,N,131,2.1620843410491943,diversified_pool
A,P,180,2.160224676132202,diversified_pool
Y,T,32,2.158545732498169,diversified_pool
V,M,84,2.158247947692871,diversified_pool
V,T,108,2.157411575317383,diversified_pool
V,P,196,2.156127452850342,diversified_pool
A,P,179,2.1541037559509277,diversified_pool
L,T,43,2.152972936630249,diversified_pool
V,P,149,2.1526288986206055,diversified_pool
R,P,123,2.1507060527801514,diversified_pool
F,Q,229,2.1501457691192627,diversified_pool
V,A,196,2.1479969024658203,diversified_pool
Y,S,219,2.145604133605957,diversified_pool
W,I,96,2.1452748775482178,diversified_pool
R,S,100,2.1443030834198,diversified_pool
W,D,257,2.1438710689544678,diversified_pool
A,P,215,2.142118215560913,diversified_pool
M,S,161,2.1414425373077393,diversified_pool
I,A,218,2.1411917209625244,diversified_pool
V,T,196,2.139679193496704,diversified_pool
V,K,68,2.1377005577087402,diversified_pool
R,S,260,2.1367197036743164,diversified_pool
I,Q,81,2.1337502002716064,diversified_pool
W,H,97,2.1323513984680176,diversified_pool
M,T,222,2.128143310546875,diversified_pool
Y,N,146,2.1218111515045166,diversified_pool
I,C,111,2.1175780296325684,diversified_pool
F,E,229,2.112745523452759,diversified_pool
V,K,196,2.1119184494018555,diversified_pool
W,A,185,2.1098453998565674,diversified_pool
Y,H,63,2.1094071865081787,diversified_pool
I,M,111,2.1088485717773438,diversified_pool
L,Q,101,2.1085445880889893,diversified_pool
V,H,107,2.1085128784179688,diversified_pool
V,S,194,2.108207941055298,diversified_pool
L,S,176,2.108072280883789,diversified_pool
Y,T,87,2.1026690006256104,diversified_pool
V,T,68,2.094362497329712,diversified_pool
I,D,109,2.093801259994507,diversified_pool
L,K,43,2.093503713607788,diversified_pool
W,L,257,2.092724084854126,diversified_pool
Y,Q,268,2.0918352603912354,diversified_pool
L,A,101,2.090162992477417,diversified_pool
V,Q,84,2.08994460105896,diversified_pool
F,N,271,2.0860812664031982,diversified_pool
I,C,109,2.0854525566101074,diversified_pool
I,M,109,2.083308458328247,diversified_pool
Y,K,219,2.0827224254608154,diversified_pool
F,N,284,2.079840898513794,diversified_pool
V,N,108,2.076951026916504,diversified_pool
Y,Q,70,2.0753424167633057,diversified_pool
Y,N,87,2.0741755962371826,diversified_pool
F,H,229,2.073915481567383,diversified_pool
L,K,131,2.0701262950897217,diversified_pool
V,A,107,2.066206932067871,diversified_pool
L,N,230,2.0637285709381104,diversified_pool
A,P,202,2.061893939971924,diversified_pool
F,K,106,2.061330556869507,diversified_pool
M,P,157,2.061260938644409,diversified_pool
V,K,149,2.058361530303955,diversified_pool
A,P,80,2.057598829269409,diversified_pool
I,N,232,2.057573080062866,diversified_pool
W,Q,97,2.0561492443084717,diversified_pool
L,T,131,2.053570032119751,diversified_pool
Y,S,146,2.0515055656433105,diversified_pool
W,D,96,2.0504820346832275,diversified_pool
F,N,106,2.0502471923828125,diversified_pool
C,N,203,2.049421787261963,diversified_pool
V,G,57,2.0489745140075684,diversified_pool
L,S,167,2.0475449562072754,diversified_pool
M,A,262,2.0459842681884766,diversified_pool
M,P,154,2.0431509017944336,diversified_pool
F,T,106,2.040314197540283,diversified_pool
F,Q,191,2.039259672164917,diversified_pool
Y,Q,63,2.036807060241699,diversified_pool
F,N,261,2.0354912281036377,diversified_pool
V,A,211,2.032834768295288,diversified_pool
G,I,162,2.0277392864227295,diversified_pool
A,P,82,2.0239319801330566,diversified_pool
V,T,149,2.0234010219573975,diversified_pool
W,D,159,2.022294759750366,diversified_pool
V,P,255,2.020411252975464,diversified_pool
V,S,281,2.014968156814575,diversified_pool
L,Q,199,2.0140092372894287,diversified_pool
Y,N,32,2.013190984725952,diversified_pool
L,T,199,2.012122631072998,diversified_pool
W,R,185,2.009465217590332,diversified_pool
I,H,81,2.006704807281494,diversified_pool
G,V,235,2.0060369968414307,diversified_pool
M,K,262,2.0012385845184326,diversified_pool
W,M,257,2.000089645385742,diversified_pool
G,L,235,1.9994534254074097,diversified_pool
I,Y,109,1.9973009824752808,diversified_pool
V,C,84,1.9932011365890503,diversified_pool
I,P,218,1.9902774095535278,diversified_pool
F,A,106,1.98526132106781,diversified_pool
F,D,106,1.983807921409607,diversified_pool
A,Q,183,1.981758952140808,diversified_pool
L,H,101,1.9797502756118774,diversified_pool
Y,A,87,1.979429841041565,diversified_pool
A,P,130,1.9782346487045288,diversified_pool
V,P,211,1.9779719114303589,diversified_pool
W,C,159,1.9759184122085571,diversified_pool
V,T,78,1.9716559648513794,diversified_pool
V,Q,107,1.9706603288650513,diversified_pool
V,A,281,1.9689916372299194,diversified_pool
V,K,78,1.9659425020217896,diversified_pool
I,A,81,1.9654418230056763,diversified_pool
R,K,260,1.9647637605667114,diversified_pool
L,T,230,1.9641871452331543,diversified_pool
Y,T,219,1.9632627964019775,diversified_pool
Y,H,69,1.961020827293396,diversified_pool
R,N,260,1.9596391916275024,diversified_pool
R,P,90,1.9590059518814087,diversified_pool
L,K,230,1.9573312997817993,diversified_pool
L,S,137,1.9562851190567017,diversified_pool
L,A,43,1.9560798406600952,diversified_pool
L,K,199,1.9554376602172852,diversified_pool
C,G,239,1.9540818929672241,diversified_pool
V,A,149,1.9466110467910767,diversified_pool
Y,N,219,1.9466029405593872,diversified_pool
M,P,258,1.945900321006775,diversified_pool
R,T,100,1.943475365638733,diversified_pool
V,K,211,1.9422658681869507,diversified_pool
V,T,211,1.9411319494247437,diversified_pool
W,C,97,1.9348145723342896,diversified_pool
R,P,153,1.9300602674484253,diversified_pool
Y,A,219,1.9287923574447632,diversified_pool
Y,A,69,1.928207516670227,diversified_pool
Y,C,268,1.9272539615631104,diversified_pool
W,I,257,1.9268794059753418,diversified_pool
I,T,218,1.9213988780975342,diversified_pool
L,N,167,1.920137643814087,diversified_pool
F,H,191,1.9196745157241821,diversified_pool
M,N,222,1.9172269105911255,diversified_pool
A,G,183,1.9159969091415405,diversified_pool
V,S,255,1.9148623943328857,diversified_pool
Q,G,228,1.9146968126296997,diversified_pool
Y,H,146,1.9127434492111206,diversified_pool
D,G,265,1.9118012189865112,diversified_pool
I,H,232,1.9080073833465576,diversified_pool
R,T,260,1.90131413936615,diversified_pool
I,R,109,1.8942018747329712,diversified_pool
G,I,165,1.8935298919677734,diversified_pool
V,A,68,1.8928663730621338,diversified_pool
M,S,128,1.8911174535751343,diversified_pool
L,S,216,1.8865047693252563,diversified_pool
Y,T,146,1.8781181573867798,diversified_pool
I,D,83,1.8750821352005005,diversified_pool
Y,Q,69,1.8727588653564453,diversified_pool
G,I,164,1.8726478815078735,diversified_pool
V,H,108,1.867480993270874,diversified_pool
F,H,201,1.8628771305084229,diversified_pool
M,T,262,1.8605784177780151,diversified_pool
F,Q,50,1.858602523803711,diversified_pool
W,R,97,1.8572279214859009,diversified_pool
F,E,191,1.8539330959320068,diversified_pool
Y,R,268,1.8522484302520752,diversified_pool
A,H,183,1.8511713743209839,diversified_pool
F,C,261,1.847543716430664,diversified_pool
L,N,43,1.8453502655029297,diversified_pool
W,F,96,1.8445258140563965,diversified_pool
F,C,229,1.8439747095108032,diversified_pool
W,M,159,1.8406347036361694,diversified_pool
M,D,157,1.8401225805282593,diversified_pool
C,G,289,1.8380426168441772,diversified_pool
A,N,180,1.8376214504241943,diversified_pool
I,K,218,1.8373280763626099,diversified_pool
Y,R,70,1.8332481384277344,diversified_pool
M,K,161,1.8318668603897095,diversified_pool
V,N,68,1.8229042291641235,diversified_pool
G,W,165,1.822148323059082,diversified_pool
Y,H,87,1.8208301067352295,diversified_pool
I,C,94,1.8195831775665283,diversified_pool
F,H,50,1.8186770677566528,diversified_pool
L,K,167,1.8149019479751587,diversified_pool
L,T,167,1.8087044954299927,diversified_pool
Y,Q,146,1.8074406385421753,diversified_pool
V,Y,156,1.8045424222946167,diversified_pool
L,Q,131,1.7978678941726685,diversified_pool
F,C,50,1.795981526374817,diversified_pool
M,T,161,1.7957957983016968,diversified_pool
V,M,156,1.7937167882919312,diversified_pool
Y,C,32,1.7924026250839233,diversified_pool
C,S,203,1.785523533821106,diversified_pool
A,Q,180,1.784567952156067,diversified_pool
C,G,273,1.7815457582473755,diversified_pool
L,T,176,1.7793999910354614,diversified_pool
G,W,162,1.7783184051513672,diversified_pool
Q,G,127,1.7781593799591064,diversified_pool
L,K,176,1.7749922275543213,diversified_pool
A,N,179,1.7736018896102905,diversified_pool
W,D,185,1.772607445716858,diversified_pool
Y,Q,87,1.7698519229888916,diversified_pool
I,E,109,1.7654675245285034,diversified_pool
A,N,82,1.760562777519226,diversified_pool
F,Q,106,1.759641170501709,diversified_pool
V,Q,108,1.7585679292678833,diversified_pool
I,D,81,1.7583123445510864,diversified_pool
A,P,240,1.7582818269729614,diversified_pool
A,P,170,1.7573797702789307,diversified_pool
A,N,202,1.7536572217941284,diversified_pool
V,R,84,1.7532941102981567,diversified_pool
A,N,80,1.7492398023605347,diversified_pool
