wild_type,mutation_type,position_idx,category,egnn_score,foldx_ddg_raw,foldx_score_flipped,agree_direction
I;V,G;G,"168,84",hotspot_combo,8.678397178649902,7.16927,-7.16927,False
I;I,G;G,"168,111",hotspot_combo,8.64926815032959,7.86306,-7.86306,False
I;I,P;G,"168,111",hotspot_combo,8.326791763305664,9.84251,-9.84251,False
L;I,G;G,"117,111",hotspot_combo,6.210444927215576,6.10374,-6.10374,False
L;V,G;G,"117,84",hotspot_combo,6.160502910614014,5.46627,-5.46627,False
L;V,A;G,"117,84",hotspot_combo,5.914670944213867,5.56512,-5.56512,False
Q;I,G;G,"119,94",hotspot_combo,5.5163187980651855,4.07857,-4.07857,False
Q;I,K;G,"119,94",hotspot_combo,5.441510200500488,3.82823,-3.82823,False
Q;I,G;G,"119,109",hotspot_combo,5.365577220916748,6.34839,-6.34839,False
S;I,G;G,"136,94",hotspot_combo,5.249462604522705,4.64165,-4.64165,False
S;I,G;G,"136,109",hotspot_combo,4.979046821594238,6.9328,-6.9328,False
S;I,K;G,"136,109",hotspot_combo,4.888962268829346,5.15714,-5.15714,False
S;I,P;G,"188,200",hotspot_combo,4.655600547790527,7.58626,-7.58626,False
S;I,G;G,"188,200",hotspot_combo,4.640920639038086,6.6861,-6.6861,False
S;I,K;G,"188,200",hotspot_combo,4.547958850860596,6.20227,-6.20227,False
V;V,P;P,"156,108",epistasis,7.636993885040283,10.9078,-10.9078,False
V;V,P;P,"156,196",epistasis,7.12128210067749,4.6898,-4.6898,False
V;V,P;P,"156,107",epistasis,7.871425628662109,11.515,-11.515,False
I;V,P;P,"83,107",epistasis,7.898594856262207,13.5079,-13.5079,False
I;V,P;P,"83,68",epistasis,7.332952976226807,10.0113,-10.0113,False
I;V,P;P,"81,68",epistasis,6.908737659454346,9.23294,-9.23294,False
L;I,P;D,"101,83",epistasis,6.770678997039795,10.339,-10.339,False
V;V,P;P,"107,196",epistasis,6.701172351837158,6.70996,-6.70996,False
I;V,P;P,"81,149",epistasis,6.633289813995361,12.1157,-12.1157,False
V;V,P;P,"108,149",epistasis,6.380463600158691,14.5798,-14.5798,False
I;V,P;P,"232,108",epistasis,7.100697040557861,9.92225,-9.92225,False
I;I,P;D,"232,81",epistasis,6.240595817565918,9.53761,-9.53761,False
V;V,P;P,"68,149",epistasis,6.041223049163818,9.09044,-9.09044,False
I;V,P;P,"232,196",epistasis,6.524339199066162,3.74488,-3.74488,False
F;V,D;P,"201,211",epistasis,6.1602396965026855,4.71574,-4.71574,False
F;V,E;P,"201,211",epistasis,5.73510217666626,3.95492,-3.95492,False
L;V,P;P,"101,211",epistasis,6.611892223358154,5.63186,-5.63186,False
F;V,D;P,"201,78",epistasis,6.258970260620117,10.6797,-10.6797,False
L;V,P;P,"101,78",epistasis,6.740431308746338,11.5745,-11.5745,False
L;V,P;P,"167,78",epistasis,5.881406307220459,13.0227,-13.0227,False
L;I,P;P,"167,218",epistasis,5.575040817260742,14.4758,-14.4758,False
L;L,P;P,"199,167",epistasis,6.400152683258057,18.9582,-18.9582,False
L;I,P;P,"199,218",epistasis,5.972865581512451,19.1097,-19.1097,False
L;L,P;P,"199,131",epistasis,6.655372142791748,20.2378,-20.2378,False
L;I,P;P,"131,218",epistasis,5.823070526123047,14.0054,-14.0054,False
W;F,G;G,"257,229",raw_combo_score,7.313945293426514,14.2462,-14.2462,False
F;F,G;G,"229,50",raw_combo_score,7.074214458465576,11.3385,-11.3385,False
F;L,G;G,"229,43",raw_combo_score,7.062347888946533,12.0056,-12.0056,False
W;F,G;G,"257,50",raw_combo_score,6.968477725982666,10.7935,-10.7935,False
W;F,G;G,"257,191",raw_combo_score,6.950220584869385,10.6551,-10.6551,False
F;L,G;G,"50,43",raw_combo_score,6.77658224105835,8.98231,-8.98231,False
F;L,G;G,"191,43",raw_combo_score,6.740783214569092,8.71527,-8.71527,False
F;W,G;G,"191,159",raw_combo_score,6.587915897369385,10.306,-10.306,False
L;A,P;P,"131,183",raw_combo_score,6.460544109344482,11.3713,-11.3713,False
V;C,G;P,"194,203",raw_combo_score,6.357295989990234,6.72715,-6.72715,False
V;A,G;P,"194,183",raw_combo_score,6.351750373840332,8.0812,-8.0812,False
V;C,G;P,"281,203",raw_combo_score,6.317716598510742,7.20249,-7.20249,False
V;A,G;P,"281,183",raw_combo_score,6.310726642608643,8.69998,-8.69998,False
V;V,G;G,"194,281",raw_combo_score,6.2902960777282715,8.0575,-8.0575,False
W;F,G;G,"159,271",raw_combo_score,6.281784534454346,8.6358,-8.6358,False
W;C,G;P,"159,203",raw_combo_score,6.266282558441162,9.31278,-9.31278,False
W;L,G;G,"96,230",raw_combo_score,6.192159175872803,13.4392,-13.4392,False
W;F,G;G,"96,106",raw_combo_score,6.183693885803223,10.7203,-10.7203,False
F;F,G;G,"261,271",raw_combo_score,6.151390552520752,5.86695,-5.86695,False
W;L,G;G,"96,176",raw_combo_score,6.141612529754639,11.7666,-11.7666,False
I;V,G;G,"111,84",bias_check,9.770544052124023,8.20176,-8.20176,False
I;I,G;G,"111,94",bias_check,9.693642616271973,8.94112,-8.94112,False
V;I,G;P,"84,109",bias_check,9.61597728729248,9.27894,-9.27894,False
V;I,G;P,"84,111",bias_check,9.531765937805176,9.36741,-9.36741,False
V;I,G;G,"84,94",bias_check,9.515191078186035,8.49641,-8.49641,False
I;I,G;P,"111,94",bias_check,9.513646125793457,11.5702,-11.5702,False
V;I,G;G,"84,109",bias_check,9.474175453186035,10.4449,-10.4449,False
V;V,G;G,"84,156",bias_check,9.437468528747559,8.62012,-8.62012,False
I;I,G;P,"94,111",bias_check,9.410590171813965,10.081,-10.081,False
V;I,G;G,"84,200",bias_check,9.393754005432129,10.4875,-10.4875,False
F,G,261,single_diversified_pool,3.3984220027923584,3.65575,-3.65575,False
F,G,271,single_diversified_pool,3.3327295780181885,2.41879,-2.41879,False
F,G,284,single_diversified_pool,3.225696563720703,5.33327,-5.33327,False
M,G,222,single_diversified_pool,3.2186543941497803,4.61114,-4.61114,False
Y,G,268,single_diversified_pool,3.0118119716644287,4.56905,-4.56905,False
M,G,262,single_diversified_pool,2.995318651199341,3.65509,-3.65509,False
W,G,97,single_diversified_pool,2.9840903282165527,8.8591,-8.8591,False
W,G,185,single_diversified_pool,2.983370542526245,1.91516,-1.91516,False
Y,G,70,single_diversified_pool,2.972506284713745,5.16478,-5.16478,False
F,G,106,single_diversified_pool,2.9444527626037598,4.15431,-4.15431,False
M,G,161,single_diversified_pool,2.9156787395477295,3.4486,-3.4486,False
L,G,176,single_diversified_pool,2.8688037395477295,4.88898,-4.88898,False
W,P,185,single_diversified_pool,2.867497682571411,6.67794,-6.67794,False
L,G,230,single_diversified_pool,2.835113286972046,6.68135,-6.68135,False
Y,G,32,single_diversified_pool,2.8225042819976807,4.22802,-4.22802,False
Y,P,268,single_diversified_pool,2.785598039627075,6.56964,-6.56964,False
W,K,185,single_diversified_pool,2.769660711288452,-0.412833,0.412833,True
F,S,261,single_diversified_pool,2.7384402751922607,4.16445,-4.16445,False
R,G,260,single_diversified_pool,2.726778030395508,1.65529,-1.65529,False
Y,S,268,single_diversified_pool,2.725085496902466,4.02091,-4.02091,False
G,I,235,single_diverse_wt,2.229372501373291,15.5693,-15.5693,False
A,P,180,single_diverse_wt,2.160224676132202,4.29143,-4.29143,False
A,P,179,single_diverse_wt,2.1541037559509277,5.94738,-5.94738,False
A,P,215,single_diverse_wt,2.142118215560913,-0.897278,0.897278,True
A,P,202,single_diverse_wt,2.061893939971924,5.98415,-5.98415,False
A,P,80,single_diverse_wt,2.057598829269409,2.30627,-2.30627,False
G,I,162,single_diverse_wt,2.0277392864227295,30.5682,-30.5682,False
A,P,82,single_diverse_wt,2.0239319801330566,6.32518,-6.32518,False
G,V,235,single_diverse_wt,2.0060369968414307,11.6752,-11.6752,False
G,L,235,single_diverse_wt,1.9994534254074097,10.9532,-10.9532,False
A,P,130,single_diverse_wt,1.9782346487045288,5.66714,-5.66714,False
C,G,239,single_diverse_wt,1.9540818929672241,4.74763,-4.74763,False
Q,G,228,single_diverse_wt,1.9146968126296997,2.80328,-2.80328,False
D,G,265,single_diverse_wt,1.9118012189865112,5.86027,-5.86027,False
G,I,165,single_diverse_wt,1.8935298919677734,8.12165,-8.12165,False
