wild_type,mutation_type,position_idx,combo_score,epistasis_score,category
I;V,G;G,"168,84",8.678397178649902,0.6273860931396484,hotspot_combo
I;I,G;G,"168,111",8.64926815032959,0.4126725196838379,hotspot_combo
I;I,P;G,"168,111",8.326791763305664,0.9546070098876953,hotspot_combo
L;I,G;G,"117,111",6.210444927215576,0.3635409474372864,hotspot_combo
L;V,G;G,"117,84",6.160502910614014,0.4991834759712219,hotspot_combo
L;V,A;G,"117,84",5.914670944213867,0.34202224016189575,hotspot_combo
Q;I,G;G,"119,94",5.5163187980651855,-0.43820321559906006,hotspot_combo
Q;I,K;G,"119,94",5.441510200500488,0.07508742809295654,hotspot_combo
Q;I,G;G,"119,109",5.365577220916748,-0.2843722105026245,hotspot_combo
S;I,G;G,"136,94",5.249462604522705,0.09565287828445435,hotspot_combo
S;I,G;G,"136,109",4.979046821594238,0.1298096776008606,hotspot_combo
S;I,K;G,"136,109",4.888962268829346,0.5129067003726959,hotspot_combo
S;I,P;G,"188,200",4.655600547790527,0.09585040807723999,hotspot_combo
S;I,G;G,"188,200",4.640920639038086,0.2464134246110916,hotspot_combo
S;I,K;G,"188,200",4.547958850860596,0.4423189163208008,hotspot_combo
V;V,P;P,"156,108",7.636993885040283,1.7848024368286133,epistasis
V;V,P;P,"156,196",7.12128210067749,1.7276570796966553,epistasis
V;V,P;P,"156,107",7.871425628662109,1.722377061843872,epistasis
I;V,P;P,"83,107",7.898594856262207,1.7198705673217773,epistasis
I;V,P;P,"83,68",7.332952976226807,1.690169334411621,epistasis
I;V,P;P,"81,68",6.908737659454346,1.673609972000122,epistasis
L;I,P;D,"101,83",6.770678997039795,1.6586781740188599,epistasis
V;V,P;P,"107,196",6.701172351837158,1.6334939002990723,epistasis
I;V,P;P,"81,149",6.633289813995361,1.6211435794830322,epistasis
V;V,P;P,"108,149",6.380463600158691,1.6131408214569092,epistasis
I;V,P;P,"232,108",7.100697040557861,1.5996050834655762,epistasis
I;I,P;D,"232,81",6.240595817565918,1.5958853960037231,epistasis
V;V,P;P,"68,149",6.041223049163818,1.512983798980713,epistasis
I;V,P;P,"232,196",6.524339199066162,1.481813669204712,epistasis
F;V,D;P,"201,211",6.1602396965026855,1.4544700384140015,epistasis
F;V,E;P,"201,211",5.73510217666626,1.3991674184799194,epistasis
L;V,P;P,"101,211",6.611892223358154,1.3970016241073608,epistasis
F;V,D;P,"201,78",6.258970260620117,1.3476011753082275,epistasis
L;V,P;P,"101,78",6.740431308746338,1.3199412822723389,epistasis
L;V,P;P,"167,78",5.881406307220459,1.287095069885254,epistasis
L;I,P;P,"167,218",5.575040817260742,1.1740235090255737,epistasis
L;L,P;P,"199,167",6.400152683258057,1.1696832180023193,epistasis
L;I,P;P,"199,218",5.972865581512451,1.1628586053848267,epistasis
L;L,P;P,"199,131",6.655372142791748,1.121274471282959,epistasis
L;I,P;P,"131,218",5.823070526123047,1.1184250116348267,epistasis
W;F,G;G,"257,229",7.313945293426514,-0.5017850399017334,raw_combo_score
F;F,G;G,"229,50",7.074214458465576,-0.49062323570251465,raw_combo_score
F;L,G;G,"229,43",7.062347888946533,-0.12053966522216797,raw_combo_score
W;F,G;G,"257,50",6.968477725982666,-0.6180520057678223,raw_combo_score
W;F,G;G,"257,191",6.950220584869385,-0.5282933712005615,raw_combo_score
F;L,G;G,"50,43",6.77658224105835,-0.17710471153259277,raw_combo_score
F;L,G;G,"191,43",6.740783214569092,-0.1048879623413086,raw_combo_score
F;W,G;G,"191,159",6.587915897369385,-0.46240687370300293,raw_combo_score
L;A,P;P,"131,183",6.460544109344482,1.085634708404541,raw_combo_score
V;C,G;P,"194,203",6.357295989990234,0.7745192050933838,raw_combo_score
V;A,G;P,"194,183",6.351750373840332,0.8078396320343018,raw_combo_score
V;C,G;P,"281,203",6.317716598510742,0.7668709754943848,raw_combo_score
V;A,G;P,"281,183",6.310726642608643,0.7987470626831055,raw_combo_score
V;V,G;G,"194,281",6.2902960777282715,0.5554883480072021,raw_combo_score
W;F,G;G,"159,271",6.281784534454346,-0.5414650440216064,raw_combo_score
W;C,G;P,"159,203",6.266282558441162,0.0763552188873291,raw_combo_score
W;L,G;G,"96,230",6.192159175872803,-0.34446287155151367,raw_combo_score
W;F,G;G,"96,106",6.183693885803223,-0.4622676372528076,raw_combo_score
F;F,G;G,"261,271",6.151390552520752,-0.5797610282897949,raw_combo_score
W;L,G;G,"96,176",6.141612529754639,-0.42869997024536133,raw_combo_score
I;V,G;G,"111,84",9.770544052124023,0.06383562088012695,bias_check
I;I,G;G,"111,94",9.693642616271973,0.10598421096801758,bias_check
V;I,G;P,"84,109",9.61597728729248,0.9242262840270996,bias_check
V;I,G;P,"84,111",9.531765937805176,0.6368851661682129,bias_check
V;I,G;G,"84,94",9.515191078186035,0.11311721801757812,bias_check
I;I,G;P,"111,94",9.513646125793457,0.5371556282043457,bias_check
V;I,G;G,"84,109",9.474175453186035,0.37667417526245117,bias_check
V;V,G;G,"84,156",9.437468528747559,0.7568280696868896,bias_check
I;I,G;P,"94,111",9.410590171813965,0.6347594261169434,bias_check
V;I,G;G,"84,200",9.393754005432129,0.45862627029418945,bias_check
F,G,261,3.3984220027923584,,single_diversified_pool
F,G,271,3.3327295780181885,,single_diversified_pool
F,G,284,3.225696563720703,,single_diversified_pool
M,G,222,3.2186543941497803,,single_diversified_pool
Y,G,268,3.0118119716644287,,single_diversified_pool
M,G,262,2.995318651199341,,single_diversified_pool
W,G,97,2.9840903282165527,,single_diversified_pool
W,G,185,2.983370542526245,,single_diversified_pool
Y,G,70,2.972506284713745,,single_diversified_pool
F,G,106,2.9444527626037598,,single_diversified_pool
M,G,161,2.9156787395477295,,single_diversified_pool
L,G,176,2.8688037395477295,,single_diversified_pool
W,P,185,2.867497682571411,,single_diversified_pool
L,G,230,2.835113286972046,,single_diversified_pool
Y,G,32,2.8225042819976807,,single_diversified_pool
Y,P,268,2.785598039627075,,single_diversified_pool
W,K,185,2.769660711288452,,single_diversified_pool
F,S,261,2.7384402751922607,,single_diversified_pool
R,G,260,2.726778030395508,,single_diversified_pool
Y,S,268,2.725085496902466,,single_diversified_pool
G,I,235,2.229372501373291,,single_diverse_wt
A,P,180,2.160224676132202,,single_diverse_wt
A,P,179,2.1541037559509277,,single_diverse_wt
A,P,215,2.142118215560913,,single_diverse_wt
A,P,202,2.061893939971924,,single_diverse_wt
A,P,80,2.057598829269409,,single_diverse_wt
G,I,162,2.0277392864227295,,single_diverse_wt
A,P,82,2.0239319801330566,,single_diverse_wt
G,V,235,2.0060369968414307,,single_diverse_wt
G,L,235,1.9994534254074097,,single_diverse_wt
A,P,130,1.9782346487045288,,single_diverse_wt
C,G,239,1.9540818929672241,,single_diverse_wt
Q,G,228,1.9146968126296997,,single_diverse_wt
D,G,265,1.9118012189865112,,single_diverse_wt
G,I,165,1.8935298919677734,,single_diverse_wt
