wild_type,mutation_type,position_idx,max_triad_embedding_drift,mean_triad_embedding_drift,drift_flag
N;S;S;Q;Q;D;D;E;L;K;T;C,I;D;N;L;L;V;L;K;K;L;E;D,"37,58,124,127,182,186,220,231,249,252,270,289",0.7264770865440369,0.03393670171499252,True
N;S;S;Q;Q;L;D;E;L;K;T;C,I;D;N;L;L;Q;L;K;K;L;E;D,"37,58,124,127,182,216,220,231,249,252,270,289",0.6609251499176025,0.01681465655565262,False
N;S;S;Q;Q;D;E;L;K;T;N;C,I;D;N;L;L;L;K;K;L;E;P;D,"37,58,124,127,182,220,231,249,252,270,277,289",0.6609251499176025,0.016374647617340088,False
N;S;S;Q;Q;D;L;D;E;L;K;T,I;D;N;L;L;V;Q;L;K;K;L;E,"37,58,124,127,182,186,216,220,231,249,252,270",0.7248369455337524,0.034222912043333054,True
N;S;S;Q;Q;D;D;E;L;K;T;N,I;D;N;L;L;V;L;K;K;L;E;P,"37,58,124,127,182,186,220,231,249,252,270,277",0.7264770865440369,0.03393670544028282,True
S;S;Q;Q;D;L;D;E;L;K;T;C,D;N;L;L;V;Q;L;K;K;L;E;D,"58,124,127,182,186,216,220,231,249,252,270,289",0.7248369455337524,0.034222912043333054,True
S;S;Q;Q;D;D;E;L;K;T;N;C,D;N;L;L;V;L;K;K;L;E;P;D,"58,124,127,182,186,220,231,249,252,270,277,289",0.7264770865440369,0.03393670544028282,True
N;S;Q;Q;D;L;D;E;L;K;T;C,I;N;L;L;V;Q;L;K;K;L;E;D,"37,124,127,182,186,216,220,231,249,252,270,289",0.7248369455337524,0.034222912043333054,True
N;R;S;S;Q;Q;D;E;L;K;T;C,I;L;D;N;L;L;L;K;K;L;E;D,"37,53,58,124,127,182,220,231,249,252,270,289",0.6609251499176025,0.01637464575469494,False
N;S;Q;Q;D;D;E;L;K;T;N;C,I;N;L;L;V;L;K;K;L;E;P;D,"37,124,127,182,186,220,231,249,252,270,277,289",0.7264770865440369,0.03393670544028282,True
K;N;S;S;A;D;S;F;S;T;R,N;I;E;N;C;V;C;I;V;Q;A,"95,114,121,124,171,186,193,201,269,270,280",0.7229360342025757,0.017372647300362587,False
S;S;K;S;D;F;N;S;R;S,A;V;N;E;H;I;C;V;A;C,"58,61,95,121,186,201,233,269,280,282",0.2116243839263916,0.005524244625121355,False
K;S;A;D;S;F;N;T;R;S,N;E;C;H;C;I;C;Q;A;C,"95,121,171,186,193,201,233,270,280,282",0.2116243839263916,0.005524270702153444,False
T;R;Q;Q;E;K,V;D;L;L;K;L,"72,90,127,182,231,252",0.6609251499176025,0.01709255762398243,False
T;Q;Q;D;E;S;K;S,P;L;L;L;K;N;L;P,"116,127,182,220,231,238,252,290",0.6600469946861267,0.021323969587683678,False
T;T;Q;Q;E;S;K;S,L;P;L;L;K;N;L;P,"72,116,127,182,231,238,252,290",0.6600469946861267,0.02131924033164978,False
T;S;R;H;Q;Q;E;S;K,M;W;D;M;L;L;K;P;L,"29,58,90,104,127,182,231,245,252",0.6609251499176025,0.017109693959355354,False
T;T;Q;T;E;S;K;M;S,M;P;L;V;K;N;L;L;P,"51,116,182,198,231,238,252,262,290",0.6584828495979309,0.02100668102502823,False
T;S;T;H;Q;Q;E;S;K,M;W;V;M;L;L;K;P;L,"29,58,72,104,127,182,231,245,252",0.6609251499176025,0.016363056376576424,False
T;S;H;Q;Q;D;E;S;K,M;W;M;L;L;L;K;P;L,"29,58,104,127,182,220,231,245,252",0.6609251499176025,0.016368210315704346,False
T;R;Q;Q;E;K,L;D;L;L;K;L,"72,90,127,182,231,252",0.6609251499176025,0.01709255762398243,False
T;Q;Q;D;E;S;K;T;S,P;L;L;L;K;N;L;E;P,"116,127,182,220,231,238,252,270,290",0.6600469946861267,0.021323969587683678,False
T;Q;Q;D;E;K,L;L;L;L;K;L,"72,127,182,220,231,252",0.6609251499176025,0.01635117270052433,False
S;Q;I;Q;T;D;E;K;T,A;L;R;L;Y;L;K;L;E,"124,127,168,182,189,220,231,252,270",0.6609251499176025,0.016661785542964935,False
T;S;H;T;E;S;S;K;S,M;W;M;P;K;N;P;L;P,"29,58,104,116,231,238,245,252,290",0.21136999130249023,0.00509510887786746,False
R;Q;S;I;Q;S;E;K,D;L;E;R;L;Q;K;L,"90,127,136,168,182,188,231,252",0.6609251499176025,0.017281144857406616,False
T;T;Q;E;S;K;S,L;P;L;K;N;L;P,"72,116,182,231,238,252,290",0.6600469946861267,0.021008212119340897,False
T;Q;S;I;Q;S;E;K,V;L;E;R;L;Q;K;L,"72,127,136,168,182,188,231,252",0.6609251499176025,0.01653527282178402,False
Q;S;I;Q;S;D;E;K,L;E;R;L;Q;L;K;L,"127,136,168,182,188,220,231,252",0.6609251499176025,0.016539843752980232,False
T;S;H;T;S;Q;D;E;S,M;W;M;P;E;L;H;K;P,"29,58,104,116,121,182,186,231,245",0.6616303324699402,0.02122725546360016,False
T;Q;Q;E;S;K;S,P;L;L;K;N;L;P,"116,127,182,231,238,252,290",0.6600469946861267,0.02131924033164978,False
A;T;E;S;K;T;S,W;P;K;N;L;E;P,"65,116,231,238,252,270,290",0.21156835556030273,0.005088954698294401,False
R;T;Q;Q;E;S;K;S,D;P;L;L;K;N;L;P,"90,116,127,182,231,238,252,290",0.6600469946861267,0.022184450179338455,False
T;S;Q;D;D;E;S;T;S,P;E;L;H;L;K;N;E;P,"116,121,182,186,220,231,238,270,290",0.6607518196105957,0.026121705770492554,False
T;S;H;Q;Q;E;S;K,M;W;M;L;L;K;P;L,"29,58,104,127,182,231,245,252",0.6609251499176025,0.016363056376576424,False
T;T;Q;Q;E;S;K;S,V;P;L;L;K;N;L;P,"72,116,127,182,231,238,252,290",0.6600469946861267,0.02131924033164978,False
S;Q;I;Q;T;D;E;K,A;L;R;L;Y;L;K;L,"124,127,168,182,189,220,231,252",0.6609251499176025,0.016661785542964935,False
A;T;S;Q;D;E;S;T;S,W;P;E;L;H;K;N;E;P,"65,116,121,182,186,231,238,270,290",0.6607518196105957,0.026120629161596298,False
R;T;S;Q;Q;D;E;K,D;P;E;L;L;H;K;L,"90,116,121,127,182,186,231,252",0.6616303324699402,0.022374175488948822,False
T;S;H;Q;Q;D;E;S,M;W;M;L;L;L;K;P,"29,58,104,127,182,220,231,245",0.6609251499176025,0.016371745616197586,False
T;Q;S;E;S;K;S,P;L;T;K;N;L;P,"116,182,214,231,238,252,290",0.6600407361984253,0.022775188088417053,False
T;S;I;S;E;S;K;S,P;E;R;Q;K;N;L;P,"116,136,168,188,231,238,252,290",0.21156835556030273,0.005309739615768194,False
T;S;Q;Q;D;E;K,P;E;L;L;H;K;L,"116,121,127,182,186,231,252",0.6616303324699402,0.021497273817658424,False
R;Q;Q;D;E;K,D;L;L;L;K;L,"90,127,182,220,231,252",0.6609251499176025,0.01709771156311035,False
R;Q;Q;S;S;D;E;K;T,D;L;L;Q;T;L;K;L;E,"90,127,182,188,214,220,231,252,270",0.6609190702438354,0.01883281022310257,False
T;Q;E;S;K;M;S,P;L;K;N;L;L;P,"116,182,231,238,252,262,290",0.6600469946861267,0.021008212119340897,False
T;T;S;Q;Q;D;E;K,V;P;E;L;L;H;K;L,"72,116,121,127,182,186,231,252",0.6616303324699402,0.021497273817658424,False
T;S;Q;Q;D;D;E;K,P;E;L;L;H;L;K;L,"116,121,127,182,186,220,231,252",0.6616303324699402,0.021499553695321083,False
R;N;Q;I;Q;S;E;K,D;K;L;R;L;Q;K;L,"90,114,127,168,182,188,231,252",0.6609251499176025,0.01728370040655136,False
R;N;Q;Q;E;K,D;K;L;L;K;L,"90,114,127,182,231,252",0.6609251499176025,0.0170955341309309,False
T;Q;Q;D;E;S;T;S,P;L;L;L;K;N;E;P,"116,127,182,220,231,238,270,290",0.6600469946861267,0.021326716989278793,False
T;S;T;H;Q;Q;E;S,M;W;L;M;L;L;K;P,"29,58,72,104,127,182,231,245",0.6609251499176025,0.016366591677069664,False
T;Q;Q;D;E;K,V;L;L;L;K;L,"72,127,182,220,231,252",0.6609251499176025,0.01635117270052433,False
T;Q;Q;S;S;D;E;K;T,V;L;L;Q;T;L;K;L;E,"72,127,182,188,214,220,231,252,270",0.6609190702438354,0.018086446449160576,False
R;Q;Q;E;K;T,D;L;L;K;L;E,"90,127,182,231,252,270",0.6609251499176025,0.01709255762398243,False
T;N;Q;I;Q;S;E;K,V;K;L;R;L;Q;K;L,"72,114,127,168,182,188,231,252",0.6609251499176025,0.01653197407722473,False
N;Q;I;Q;S;D;E;K,K;L;R;L;Q;L;K;L,"114,127,168,182,188,220,231,252",0.6609251499176025,0.016536545008420944,False
T;N;Q;Q;E;K,V;K;L;L;K;L,"72,114,127,182,231,252",0.6609251499176025,0.016343144699931145,False
S;Q;I;Q;T;D;E;T,A;L;R;L;Y;L;K;E,"124,127,168,182,189,220,231,270",0.6609251499176025,0.01666521467268467,False
N;Q;Q;D;E;K,K;L;L;L;K;L,"114,127,182,220,231,252",0.6609251499176025,0.016348298639059067,False
R;Q;Q;S;D;E;K;T,D;L;L;T;L;K;L;E,"90,127,182,214,220,231,252,270",0.6609190702438354,0.018855823203921318,False
T;S;S;I;Q;D;S;E,P;E;E;R;L;H;Q;K,"116,121,136,168,182,186,188,231",0.6616303324699402,0.021483397111296654,False
T;T;S;H;Q;T;E;S;M,M;M;W;M;L;V;K;P;L,"29,51,58,104,182,198,231,245,262",0.6593626737594604,0.01605275832116604,False
K;S;S;D;F;N;S;R;S,N;E;N;V;I;C;V;A;C,"95,121,124,186,201,233,269,280,282",0.7229360342025757,0.01775047741830349,False
K;S;S;I;D;F;N;S;R;S,N;E;N;R;H;I;C;V;A;C,"95,121,124,168,186,201,233,269,280,282",0.21049493551254272,0.005896264687180519,False
K;S;S;D;E;N;G;R;S,N;E;N;V;R;C;D;A;C,"95,121,124,186,204,233,234,280,282",0.7225418090820312,0.03482624515891075,False
K;S;A;D;S;N;S;R;S,N;E;C;V;C;C;V;A;C,"95,121,171,186,193,233,269,280,282",0.7231070399284363,0.017639100551605225,False
K;S;I;A;D;S;R;N;S;R,N;E;R;C;H;C;Q;K;V;A,"95,121,168,171,186,193,224,233,269,280",0.21057343482971191,0.005375961773097515,False
S;S;I;A;D;S;R;N;R,E;N;R;C;H;C;Q;K;A,"121,124,168,171,186,193,224,233,280",0.21030527353286743,0.005505600478500128,False
