wild_type,mutation_type,position_idx,foldx_large_score,additive_expectation_3singles,epistasis_3singles
N;S;S;Q;Q;D;D;E;L;K;T;C,I;D;N;L;L;V;L;K;K;L;E;D,"37,58,124,127,182,186,220,231,249,252,270,289",1.78205,21.33092,-19.54887
N;S;S;Q;Q;L;D;E;L;K;T;C,I;D;N;L;L;Q;L;K;K;L;E;D,"37,58,124,127,182,216,220,231,249,252,270,289",0.00671662,21.21128,-21.20456338
N;S;S;Q;Q;D;E;L;K;T;N;C,I;D;N;L;L;L;K;K;L;E;P;D,"37,58,124,127,182,220,231,249,252,270,277,289",-8.55959,21.20106,-29.76065
N;S;S;Q;Q;D;L;D;E;L;K;T,I;D;N;L;L;V;Q;L;K;K;L;E,"37,58,124,127,182,186,216,220,231,249,252,270",5.65521,21.16547,-15.510259999999999
N;S;S;Q;Q;D;D;E;L;K;T;N,I;D;N;L;L;V;L;K;K;L;E;P,"37,58,124,127,182,186,220,231,249,252,270,277",-1.99455,21.15525,-23.1498
S;S;Q;Q;D;L;D;E;L;K;T;C,D;N;L;L;V;Q;L;K;K;L;E;D,"58,124,127,182,186,216,220,231,249,252,270,289",2.32455,21.13841,-18.813860000000002
S;S;Q;Q;D;D;E;L;K;T;N;C,D;N;L;L;V;L;K;K;L;E;P;D,"58,124,127,182,186,220,231,249,252,270,277,289",-6.11811,21.12819,-27.246299999999998
N;S;Q;Q;D;L;D;E;L;K;T;C,I;N;L;L;V;Q;L;K;K;L;E;D,"37,124,127,182,186,216,220,231,249,252,270,289",1.36008,21.12161,-19.76153
N;R;S;S;Q;Q;D;E;L;K;T;C,I;L;D;N;L;L;L;K;K;L;E;D,"37,53,58,124,127,182,220,231,249,252,270,289",1.65689,21.120919999999998,-19.464029999999998
N;S;Q;Q;D;D;E;L;K;T;N;C,I;N;L;L;V;L;K;K;L;E;P;D,"37,124,127,182,186,220,231,249,252,270,277,289",-5.67049,21.11139,-26.78188
K;N;S;S;A;D;S;F;S;T;R,N;I;E;N;C;V;C;I;V;Q;A,"95,114,121,124,171,186,193,201,269,270,280",-1.4869,-22.587657,21.100757
S;S;K;S;D;F;N;S;R;S,A;V;N;E;H;I;C;V;A;C,"58,61,95,121,186,201,233,269,280,282",-1.3682,-22.9716821,21.603482099999997
K;S;A;D;S;F;N;T;R;S,N;E;C;H;C;I;C;Q;A;C,"95,121,171,186,193,201,233,270,280,282",-2.87393,-26.4565221,23.5825921
T;R;Q;Q;E;K,V;D;L;L;K;L,"72,90,127,182,231,252",7.42051,-8.8871,16.30761
T;Q;Q;D;E;S;K;S,P;L;L;L;K;N;L;P,"116,127,182,220,231,238,252,290",12.5693,-16.325553999999997,28.894853999999995
T;T;Q;Q;E;S;K;S,L;P;L;L;K;N;L;P,"72,116,127,182,231,238,252,290",11.1904,-16.957794,28.148194
T;S;R;H;Q;Q;E;S;K,M;W;D;M;L;L;K;P;L,"29,58,90,104,127,182,231,245,252",8.21913,-13.22545,21.444580000000002
T;T;Q;T;E;S;K;M;S,M;P;L;V;K;N;L;L;P,"51,116,182,198,231,238,252,262,290",11.7616,-25.807893999999997,37.569494
T;S;T;H;Q;Q;E;S;K,M;W;V;M;L;L;K;P;L,"29,58,72,104,127,182,231,245,252",8.63998,0.52891,8.11107
T;S;H;Q;Q;D;E;S;K,M;W;M;L;L;L;K;P;L,"29,58,104,127,182,220,231,245,252",10.7427,1.29429,9.448409999999999
T;R;Q;Q;E;K,L;D;L;L;K;L,"72,90,127,182,231,252",9.15594,-8.75396,17.9099
T;Q;Q;D;E;S;K;T;S,P;L;L;L;K;N;L;E;P,"116,127,182,220,231,238,252,270,290",13.2203,-12.799413999999999,26.019714
T;Q;Q;D;E;K,L;L;L;L;K;L,"72,127,182,220,231,252",8.21702,5.7657799999999995,2.4512400000000003
S;Q;I;Q;T;D;E;K;T,A;L;R;L;Y;L;K;L;E,"124,127,168,182,189,220,231,252,270",13.5261,-4.521868,18.047968
T;S;H;T;E;S;S;K;S,M;W;M;P;K;N;P;L;P,"29,58,104,116,231,238,245,252,290",10.2428,-21.279214,31.522014
R;Q;S;I;Q;S;E;K,D;L;E;R;L;Q;K;L,"90,127,136,168,182,188,231,252",9.77563,-26.002716,35.778346
T;T;Q;E;S;K;S,L;P;L;K;N;L;P,"72,116,182,231,238,252,290",9.12843,-18.507483999999998,27.635914
T;Q;S;I;Q;S;E;K,V;L;E;R;L;Q;K;L,"72,127,136,168,182,188,231,252",7.60728,-12.248356000000001,19.855636
Q;S;I;Q;S;D;E;K,L;E;R;L;Q;L;K;L,"127,136,168,182,188,220,231,252",8.52653,-11.482976,20.009506000000002
T;S;H;T;S;Q;D;E;S,M;W;M;P;E;L;H;K;P,"29,58,104,116,121,182,186,231,245",7.8092,-31.428915099999998,39.238115099999995
T;Q;Q;E;S;K;S,P;L;L;K;N;L;P,"116,127,182,231,238,252,290",10.4154,-18.311594,28.726993999999998
A;T;E;S;K;T;S,W;P;K;N;L;E;P,"65,116,231,238,252,270,290",9.02847,-13.503113999999998,22.531584
R;T;Q;Q;E;S;K;S,D;P;L;L;K;N;L;P,"90,116,127,182,231,238,252,290",12.5895,-30.845294,43.434794
T;S;Q;D;D;E;S;T;S,P;E;L;H;L;K;N;E;P,"116,121,182,186,220,231,238,270,290",11.0112,-22.7675791,33.7787791
T;S;H;Q;Q;E;S;K,M;W;M;L;L;K;P;L,"29,58,104,127,182,231,245,252",9.61291,-0.6917500000000001,10.30466
T;T;Q;Q;E;S;K;S,V;P;L;L;K;N;L;P,"72,116,127,182,231,238,252,290",10.9087,-17.090933999999997,27.999633999999997
S;Q;I;Q;T;D;E;K,A;L;R;L;Y;L;K;L,"124,127,168,182,189,220,231,252",11.6623,-8.048008,19.710307999999998
A;T;S;Q;D;E;S;T;S,W;P;E;L;H;K;N;E;P,"65,116,121,182,186,231,238,270,290",8.86129,-23.6213491,32.4826391
R;T;S;Q;Q;D;E;K,D;P;E;L;L;H;K;L,"90,116,121,127,182,186,231,252",10.4502,-38.0515751,48.5017751
T;S;H;Q;Q;D;E;S,M;W;M;L;L;L;K;P,"29,58,104,127,182,220,231,245",9.60966,0.05062999999999995,9.55903
T;Q;S;E;S;K;S,P;L;T;K;N;L;P,"116,182,214,231,238,252,290",9.97386,-20.187241999999998,30.161102
T;S;I;S;E;S;K;S,P;E;R;Q;K;N;L;P,"116,136,168,188,231,238,252,290",9.55278,-34.05648,43.60926
T;S;Q;Q;D;E;K,P;E;L;L;H;K;L,"116,121,127,182,186,231,252",11.4705,-25.517875099999998,36.9883751
R;Q;Q;D;E;K,D;L;L;L;K;L,"90,127,182,220,231,252",8.21665,-8.12172,16.338369999999998
R;Q;Q;S;S;D;E;K;T,D;L;L;Q;T;L;K;L;E,"90,127,182,188,214,220,231,252,270",12.2187,-6.358368,18.577068
T;Q;E;S;K;M;S,P;L;K;N;L;L;P,"116,182,231,238,252,262,290",10.2197,-28.689314,38.909014
T;T;S;Q;Q;D;E;K,V;P;E;L;L;H;K;L,"72,116,121,127,182,186,231,252",11.6416,-24.2972151,35.9388151
T;S;Q;Q;D;D;E;K,P;E;L;L;H;L;K;L,"116,121,127,182,186,220,231,252",11.584,-23.5318351,35.1158351
R;N;Q;I;Q;S;E;K,D;K;L;R;L;Q;K;L,"90,114,127,168,182,188,231,252",9.14444,-27.63534,36.77978
R;N;Q;Q;E;K,D;K;L;L;K;L,"90,114,127,182,231,252",9.26295,-11.44181,20.70476
T;Q;Q;D;E;S;T;S,P;L;L;L;K;N;E;P,"116,127,182,220,231,238,270,290",11.907,-14.043073999999999,25.950074
T;S;T;H;Q;Q;E;S,M;W;L;M;L;L;K;P,"29,58,72,104,127,182,231,245",7.73861,-0.5816100000000002,8.32022
T;Q;Q;D;E;K,V;L;L;L;K;L,"72,127,182,220,231,252",8.95634,5.63264,3.3237000000000005
T;Q;Q;S;S;D;E;K;T,V;L;L;Q;T;L;K;L;E,"72,127,182,188,214,220,231,252,270",11.9999,7.395992,4.6039080000000006
R;Q;Q;E;K;T,D;L;L;K;L;E,"90,127,182,231,252,270",8.78165,-6.58162,15.36327
T;N;Q;I;Q;S;E;K,V;K;L;R;L;Q;K;L,"72,114,127,168,182,188,231,252",10.4303,-13.880980000000001,24.311280000000004
N;Q;I;Q;S;D;E;K,K;L;R;L;Q;L;K;L,"114,127,168,182,188,220,231,252",11.8957,-13.1156,25.0113
T;N;Q;Q;E;K,V;K;L;L;K;L,"72,114,127,182,231,252",8.7933,2.31255,6.4807500000000005
S;Q;I;Q;T;D;E;T,A;L;R;L;Y;L;K;E,"124,127,168,182,189,220,231,270",11.04,-5.765528000000001,16.805528
N;Q;Q;D;E;K,K;L;L;L;K;L,"114,127,182,220,231,252",9.57714,3.0779300000000003,6.49921
R;Q;Q;S;D;E;K;T,D;L;L;T;L;K;L;E,"90,127,182,214,220,231,252,270",11.5229,-4.921538,16.444437999999998
T;S;S;I;Q;D;S;E,P;E;E;R;L;H;Q;K,"116,121,136,168,182,186,188,231",7.25804,-44.2061811,51.4642211
T;T;S;H;Q;T;E;S;M,M;M;W;M;L;V;K;P;L,"29,51,58,104,182,198,231,245,262",7.64298,-9.43171,17.07469
K;S;S;D;F;N;S;R;S,N;E;N;V;I;C;V;A;C,"95,121,124,186,201,233,269,280,282",-1.67235,-16.661147,14.988797
K;S;S;I;D;F;N;S;R;S,N;E;N;R;H;I;C;V;A;C,"95,121,124,168,186,201,233,269,280,282",-1.8112,-33.2474121,31.4362121
K;S;S;D;E;N;G;R;S,N;E;N;V;R;C;D;A;C,"95,121,124,186,204,233,234,280,282",-2.20051,-9.842196,7.641686
K;S;A;D;S;N;S;R;S,N;E;C;V;C;C;V;A;C,"95,121,171,186,193,233,269,280,282",-1.93361,-28.141497,26.207887
K;S;I;A;D;S;R;N;S;R,N;E;R;C;H;C;Q;K;V;A,"95,121,168,171,186,193,224,233,269,280",-2.3076,-37.7498291,35.4422291
S;S;I;A;D;S;R;N;R,E;N;R;C;H;C;Q;K;A,"121,124,168,171,186,193,224,233,280",-1.82148,-25.3114791,23.4899991
