wild_type,mutation_type,position_idx,predicted_score,n_mutations
V,G,84,4.760561943054199,1
M,C,157,0.43693268299102783,1
A,E,226,0.43580883741378784,1
K,F,259,0.4356144666671753,1
Q,C,126,0.4322841763496399,1
I,S,218,2.3114898204803467,1
A,I,180,-1.8821015357971191,1
G,F,66,0.5120853781700134,1
G,D,62,0.729513943195343,1
V,S,211,2.3508408069610596,1
A,E,180,1.4548403024673462,1
R,E,123,0.6662936806678772,1
A,I,179,-2.07840633392334,1
I,G,200,4.17456579208374,1
A,G,40,0.512776255607605,1
C,I,203,-1.9000287055969238,1
S,Q,115,0.237113818526268,1
S,M,290,0.11630599200725555,1
R,E,34,0.3434739112854004,1
S,Q,245,0.11764375865459442,1
A,V,215,-1.9378588199615479,1
I,G,111,4.946146488189697,1
Q,S,91,1.3742412328720093,1
S,K,54,-0.12218369543552399,1
M,W,262,-1.9374829530715942,1
A,Q,171,1.0120211839675903,1
I,P,109,3.9311890602111816,1
R,Y,153,0.43475276231765747,1
S,C,92,0.4353029131889343,1
T,G,270,0.7889828085899353,1
W,G,96,3.7015087604522705,1
S,F,175,0.7108768820762634,1
V,G,156,3.9200785160064697,1
A,I,82,-1.8059014081954956,1
D,R,263,0.29501813650131226,1
A,V,130,-1.886229395866394,1
K,F,177,0.4351370334625244,1
I,S,94,3.6045401096343994,1
I,G,83,3.638075113296509,1
M,H,222,1.2957881689071655,1
Y,N,268,2.4730770587921143,1
A,I,130,-1.8248701095581055,1
A,V,183,-2.335322380065918,1
A,I,178,-1.8744726181030273,1
N,W,30,0.4319280982017517,1
T,G,113,1.109392762184143,1
S,A,207,0.4319063425064087,1
A,L,215,-1.4015482664108276,1
A,I,215,-1.8351579904556274,1
G,R,163,0.5267936587333679,1
K,C,253,0.436481237411499,1
S,P,121,0.3512958288192749,1
I,G,232,3.9681336879730225,1
K,V,253,0.04818040877580643,1
V,H,78,1.4207667112350464,1
S,Y,278,0.43599486351013184,1
L,N,137,0.9941486716270447,1
F,G,50,3.667818546295166,1
Q,R,127,0.12308333814144135,1
P,G,36,0.4319944977760315,1
A,R,240,0.43577897548675537,1
I,P,111,4.134318828582764,1
S,F,238,0.6308953762054443,1
I,G,94,4.641511917114258,1
S,G,124,0.4332491159439087,1
A,V,82,-1.8837357759475708,1
R,N,59,0.4318026304244995,1
D,I,263,0.4340985417366028,1
A,D,129,0.43335264921188354,1
V,C,196,1.3735275268554688,1
V,G,149,3.201314926147461,1
I,P,94,4.030344009399414,1
A,V,80,-2.1074182987213135,1
Q,W,228,-1.8013285398483276,1
A,V,178,-1.9225213527679443,1
A,V,179,-2.1607189178466797,1
A,I,80,-2.0250778198242188,1
I,S,111,3.9369096755981445,1
P,E,71,-0.8078874349594116,1
F,G,229,3.897019147872925,1
W,G,257,3.9187111854553223,1
K,L,177,0.4350626468658447,1
L,D,249,-0.3944246768951416,1
P,I,184,-0.297193706035614,1
S,K,169,-0.2980193495750427,1
I,G,109,4.336939334869385,1
W,P,257,3.6010468006134033,1
M,W,157,-0.8414139151573181,1
V,S,84,3.6929283142089844,1
N,P,172,0.43449652194976807,1
G,S,139,0.43443185091018677,1
D,A,112,0.7178122997283936,1
T,W,113,-1.8413063287734985,1
A,H,82,1.5047053098678589,1
F,K,201,2.4132399559020996,1
A,V,180,-1.985470175743103,1
S,F,213,0.7012666463851929,1
A,I,183,-2.183497667312622,1
G,L,164,1.4489023685455322,1
I,P,200,3.6900136470794678,1
